State,County,median_sas_score
Alabama,Autauga County,32.57335
Alabama,Baldwin County,23.5532
Alabama,Barbour County,38.7464
Alabama,Bibb County,10.642850000000001
Alabama,Blount County,7.2758
Alabama,Bullock County,42.6934
Alabama,Butler County,9.1894
Alabama,Calhoun County,24.62355
Alabama,Chambers County,20.0869
Alabama,Cherokee County,4.60835
Alabama,Chilton County,7.250199999999999
Alabama,Choctaw County,39.5948
Alabama,Clarke County,41.5329
Alabama,Clay County,4.4402
Alabama,Cleburne County,4.59515
Alabama,Coffee County,19.00995
Alabama,Colbert County,21.615099999999998
Alabama,Conecuh County,40.2851
Alabama,Coosa County,18.7727
Alabama,Covington County,19.29875
Alabama,Crenshaw County,12.655299999999999
Alabama,Cullman County,2.1102
Alabama,Dale County,21.37595
Alabama,Dallas County,37.4804
Alabama,DeKalb County,7.935650000000001
Alabama,Elmore County,7.640900000000001
Alabama,Escambia County,19.7144
Alabama,Etowah County,23.35085
Alabama,Fayette County,7.935
Alabama,Franklin County,7.8852
Alabama,Geneva County,5.24475
Alabama,Greene County,72.4614
Alabama,Hale County,38.21165
Alabama,Henry County,2.0951500000000003
Alabama,Houston County,20.82115
Alabama,Jackson County,37.5297
Alabama,Jefferson County,24.3352
Alabama,Lamar County,37.6113
Alabama,Lauderdale County,22.369500000000002
Alabama,Lawrence County,7.6071
Alabama,Lee County,24.7352
Alabama,Limestone County,13.44445
Alabama,Lowndes County,55.014649999999996
Alabama,Macon County,45.592200000000005
Alabama,Madison County,23.4759
Alabama,Marengo County,41.1319
Alabama,Marion County,7.06375
Alabama,Marshall County,24.041000000000004
Alabama,Mobile County,23.175200000000004
Alabama,Monroe County,38.5642
Alabama,Montgomery County,23.9922
Alabama,Morgan County,19.760800000000003
Alabama,Perry County,72.7279
Alabama,Pickens County,37.6656
Alabama,Pike County,7.6114
Alabama,Randolph County,22.352200000000003
Alabama,Russell County,37.8431
Alabama,Shelby County,22.901600000000002
Alabama,St. Clair County,8.0037
Alabama,Sumter County,38.8099
Alabama,Talladega County,37.38075
Alabama,Tallapoosa County,37.40045
Alabama,Tuscaloosa County,21.739700000000003
Alabama,Walker County,7.41465
Alabama,Washington County,19.0621
Alabama,Wilcox County,56.56645
Alabama,Winston County,36.6695
Alaska,Aleutians West Census Area,40.21805
Alaska,Anchorage Municipality,23.2059
Alaska,Bethel Census Area,80.405
Alaska,Dillingham Census Area,49.67235
Alaska,Fairbanks North Star Borough,23.0329
Alaska,Hoonah-Angoon Census Area,40.6025
Alaska,Juneau City and Borough,20.0089
Alaska,Kenai Peninsula Borough,19.8672
Alaska,Ketchikan Gateway Borough,4.9984
Alaska,Kodiak Island Borough,24.0352
Alaska,Matanuska-Susitna Borough,6.7454
Alaska,Nome Census Area,41.3146
Alaska,North Slope Borough,30.8727
Alaska,Northwest Arctic Borough,45.15615
Alaska,Prince of Wales-Hyder Census Area,18.54735
Alaska,Sitka City and Borough,25.02405
Alaska,Southeast Fairbanks Census Area,49.07645000000001
Alaska,Valdez-Cordova Census Area,36.542
Alaska,Yukon-Koyukuk Census Area,80.2108
Arizona,Apache County,72.33605
Arizona,Cochise County,39.58765
Arizona,Coconino County,24.30615
Arizona,Gila County,38.7505
Arizona,Graham County,24.4669
Arizona,Greenlee County,8.0263
Arizona,La Paz County,44.20125
Arizona,Maricopa County,21.5172
Arizona,Mohave County,33.0012
Arizona,Navajo County,41.3361
Arizona,Pima County,23.38
Arizona,Pinal County,23.7977
Arizona,Santa Cruz County,41.15405
Arizona,Yavapai County,23.93975
Arizona,Yuma County,21.5796
Arkansas,Arkansas County,21.60765
Arkansas,Ashley County,24.3544
Arkansas,Baxter County,7.484500000000001
Arkansas,Benton County,21.117700000000003
Arkansas,Boone County,19.0849
Arkansas,Bradley County,7.8433
Arkansas,Calhoun County,19.0434
Arkansas,Carroll County,19.9494
Arkansas,Chicot County,55.099450000000004
Arkansas,Clark County,37.5372
Arkansas,Clay County,7.4229
Arkansas,Cleburne County,7.3969
Arkansas,Cleveland County,30.50445
Arkansas,Columbia County,40.7788
Arkansas,Conway County,30.99385
Arkansas,Craighead County,21.1686
Arkansas,Crawford County,24.9151
Arkansas,Crittenden County,23.84465
Arkansas,Cross County,21.64445
Arkansas,Dallas County,19.0687
Arkansas,Desha County,41.5128
Arkansas,Drew County,18.898
Arkansas,Faulkner County,21.6056
Arkansas,Franklin County,38.46060000000001
Arkansas,Fulton County,39.637249999999995
Arkansas,Garland County,30.66665
Arkansas,Grant County,21.9574
Arkansas,Greene County,18.7279
Arkansas,Hempstead County,19.7744
Arkansas,Hot Spring County,24.4254
Arkansas,Howard County,32.3408
Arkansas,Independence County,19.8256
Arkansas,Izard County,5.084249999999999
Arkansas,Jackson County,41.846900000000005
Arkansas,Jefferson County,23.09
Arkansas,Johnson County,45.0306
Arkansas,Lafayette County,54.25725
Arkansas,Lawrence County,29.77395
Arkansas,Lee County,39.4404
Arkansas,Lincoln County,11.12625
Arkansas,Little River County,2.0659
Arkansas,Logan County,13.0404
Arkansas,Lonoke County,5.8035499999999995
Arkansas,Madison County,29.68365
Arkansas,Marion County,38.1883
Arkansas,Miller County,23.515950000000004
Arkansas,Mississippi County,23.01645
Arkansas,Monroe County,19.0222
Arkansas,Montgomery County,40.4742
Arkansas,Nevada County,40.779
Arkansas,Newton County,19.0915
Arkansas,Ouachita County,60.5115
Arkansas,Perry County,18.761
Arkansas,Phillips County,55.2606
Arkansas,Pike County,18.49
Arkansas,Poinsett County,18.3898
Arkansas,Polk County,38.93285
Arkansas,Pope County,22.9886
Arkansas,Prairie County,2.0181
Arkansas,Pulaski County,26.9065
Arkansas,Randolph County,14.11195
Arkansas,Saline County,18.8451
Arkansas,Scott County,41.4419
Arkansas,Searcy County,18.8629
Arkansas,Sebastian County,21.67055
Arkansas,Sevier County,10.871749999999999
Arkansas,Sharp County,24.6221
Arkansas,St. Francis County,54.825399999999995
Arkansas,Stone County,36.9403
Arkansas,Union County,32.3257
Arkansas,Van Buren County,6.841200000000001
Arkansas,Washington County,21.0814
Arkansas,White County,22.2164
Arkansas,Woodruff County,37.963
Arkansas,Yell County,32.05605
California,Alameda County,8.34595
California,Amador County,1.6146
California,Butte County,24.193
California,Calaveras County,1.8728500000000001
California,Colusa County,19.0683
California,Contra Costa County,23.0448
California,Del Norte County,41.7173
California,El Dorado County,9.128499999999999
California,Fresno County,21.6836
California,Glenn County,32.1437
California,Humboldt County,22.6778
California,Imperial County,24.4347
California,Inyo County,13.01625
California,Kern County,22.9061
California,Kings County,22.474200000000003
California,Lake County,21.5634
California,Lassen County,24.3446
California,Los Angeles County,8.619900000000001
California,Madera County,8.1449
California,Marin County,8.3627
California,Mariposa County,6.47405
California,Mendocino County,20.5653
California,Merced County,21.4943
California,Modoc County,44.8614
California,Mono County,24.0837
California,Monterey County,8.7241
California,Napa County,8.18995
California,Nevada County,15.38425
California,Orange County,8.670300000000001
California,Placer County,14.186399999999999
California,Plumas County,6.1246
California,Riverside County,21.9703
California,Sacramento County,20.5855
California,San Benito County,20.4744
California,San Bernardino County,21.8297
California,San Diego County,9.4139
California,San Francisco County,1.7333
California,San Joaquin County,20.4931
California,San Luis Obispo County,23.1924
California,San Mateo County,8.119299999999999
California,Santa Barbara County,12.8533
California,Santa Clara County,8.31005
California,Santa Cruz County,21.085250000000002
California,Shasta County,20.73905
California,Siskiyou County,30.6793
California,Solano County,19.742449999999998
California,Sonoma County,8.8958
California,Stanislaus County,20.57035
California,Sutter County,23.5978
California,Tehama County,40.4915
California,Trinity County,7.6967
California,Tulare County,21.567149999999998
California,Tuolumne County,19.8058
California,Ventura County,8.768
California,Yolo County,20.8853
California,Yuba County,22.476100000000002
Colorado,Adams County,20.6939
Colorado,Alamosa County,32.45585
Colorado,Arapahoe County,19.9375
Colorado,Archuleta County,22.927400000000002
Colorado,Baca County,23.694399999999998
Colorado,Boulder County,19.98065
Colorado,Broomfield County,23.2338
Colorado,Chaffee County,19.3831
Colorado,Clear Creek County,6.371
Colorado,Conejos County,7.692799999999999
Colorado,Costilla County,70.68119999999999
Colorado,Delta County,7.1192
Colorado,Denver County,19.7713
Colorado,Douglas County,8.6887
Colorado,Eagle County,1.1813
Colorado,El Paso County,23.36775
Colorado,Elbert County,17.8907
Colorado,Fremont County,31.6708
Colorado,Garfield County,6.8461
Colorado,Grand County,2.0615
Colorado,Gunnison County,11.100900000000001
Colorado,Huerfano County,26.330550000000002
Colorado,Jefferson County,20.3021
Colorado,Kit Carson County,38.9988
Colorado,La Plata County,18.461650000000002
Colorado,Lake County,37.2605
Colorado,Larimer County,22.831100000000003
Colorado,Las Animas County,30.1884
Colorado,Lincoln County,35.36835000000001
Colorado,Logan County,39.879
Colorado,Mesa County,23.3498
Colorado,Moffat County,44.7017
Colorado,Montezuma County,7.8554
Colorado,Montrose County,23.66575
Colorado,Morgan County,12.8461
Colorado,Otero County,21.6718
Colorado,Park County,17.898699999999998
Colorado,Phillips County,5.9771
Colorado,Pitkin County,1.3007
Colorado,Prowers County,40.472
Colorado,Pueblo County,23.65175
Colorado,Rio Blanco County,3.8833
Colorado,Rio Grande County,70.1929
Colorado,Routt County,1.6097000000000004
Colorado,Saguache County,43.3254
Colorado,San Miguel County,1.4179500000000003
Colorado,Summit County,1.5906000000000002
Colorado,Teller County,6.203950000000001
Colorado,Washington County,19.055699999999998
Colorado,Weld County,20.5762
Colorado,Yuma County,40.19215
Connecticut,Fairfield County,23.0335
Connecticut,Hartford County,23.0841
Connecticut,Litchfield County,8.0244
Connecticut,Middlesex County,23.4129
Connecticut,New Haven County,23.4591
Connecticut,New London County,23.2905
Connecticut,Tolland County,19.7233
Connecticut,Windham County,19.2364
Delaware,Kent County,21.919150000000002
Delaware,New Castle County,23.2733
Delaware,Sussex County,8.2767
District of Columbia,District of Columbia,8.2963
Florida,Alachua County,23.4135
Florida,Baker County,21.95515
Florida,Bay County,23.8388
Florida,Bradford County,20.3355
Florida,Brevard County,24.085
Florida,Broward County,9.4663
Florida,Calhoun County,19.0396
Florida,Charlotte County,23.5208
Florida,Citrus County,24.2255
Florida,Clay County,23.966
Florida,Collier County,23.2776
Florida,Columbia County,13.784199999999998
Florida,DeSoto County,8.0563
Florida,Dixie County,37.689
Florida,Duval County,24.6349
Florida,Escambia County,23.8452
Florida,Flagler County,23.789299999999997
Florida,Franklin County,4.49465
Florida,Gadsden County,37.6121
Florida,Gilchrist County,1.464
Florida,Glades County,49.2048
Florida,Gulf County,7.5537
Florida,Hamilton County,40.926
Florida,Hardee County,24.72865
Florida,Hendry County,45.1608
Florida,Hernando County,23.85755
Florida,Highlands County,20.634
Florida,Hillsborough County,23.40575
Florida,Holmes County,39.5663
Florida,Indian River County,23.9139
Florida,Jackson County,7.9997
Florida,Jefferson County,8.0285
Florida,Lafayette County,38.6485
Florida,Lake County,24.16665
Florida,Lee County,23.5104
Florida,Leon County,23.712600000000002
Florida,Levy County,7.8811
Florida,Liberty County,27.69325
Florida,Madison County,39.1992
Florida,Manatee County,23.486
Florida,Marion County,24.5709
Florida,Martin County,23.692700000000002
Florida,Miami-Dade County,9.1401
Florida,Monroe County,18.543599999999998
Florida,Nassau County,23.450049999999997
Florida,Okaloosa County,23.4598
Florida,Okeechobee County,50.112300000000005
Florida,Orange County,23.354
Florida,Osceola County,24.3367
Florida,Palm Beach County,21.0785
Florida,Pasco County,23.6749
Florida,Pinellas County,21.0536
Florida,Polk County,23.287300000000002
Florida,Putnam County,37.914699999999996
Florida,Santa Rosa County,23.5163
Florida,Sarasota County,23.26745
Florida,Seminole County,23.3737
Florida,St. Johns County,23.2251
Florida,St. Lucie County,24.6381
Florida,Sumter County,6.6545000000000005
Florida,Suwannee County,36.951
Florida,Taylor County,55.589850000000006
Florida,Union County,40.9095
Florida,Volusia County,23.8554
Florida,Wakulla County,11.13495
Florida,Walton County,36.6022
Florida,Washington County,39.4282
Georgia,Appling County,40.0976
Georgia,Atkinson County,38.0953
Georgia,Bacon County,38.0406
Georgia,Baker County,40.33255
Georgia,Baldwin County,38.0036
Georgia,Banks County,1.9656
Georgia,Barrow County,23.567050000000002
Georgia,Bartow County,24.9969
Georgia,Ben Hill County,39.8469
Georgia,Berrien County,23.36645
Georgia,Bibb County,50.0041
Georgia,Bleckley County,38.5751
Georgia,Brantley County,38.2532
Georgia,Brooks County,9.0001
Georgia,Bryan County,13.1328
Georgia,Bulloch County,25.73855
Georgia,Burke County,23.9898
Georgia,Butts County,20.6789
Georgia,Calhoun County,39.5597
Georgia,Camden County,23.899549999999998
Georgia,Candler County,38.27
Georgia,Carroll County,42.5557
Georgia,Catoosa County,23.4239
Georgia,Charlton County,36.88855
Georgia,Chatham County,23.927
Georgia,Chattahoochee County,48.6341
Georgia,Chattooga County,28.731900000000003
Georgia,Cherokee County,23.826
Georgia,Clarke County,52.16685
Georgia,Clayton County,49.5733
Georgia,Clinch County,9.599900000000002
Georgia,Cobb County,23.638150000000003
Georgia,Coffee County,38.1529
Georgia,Colquitt County,39.1914
Georgia,Columbia County,23.36865
Georgia,Cook County,7.940100000000001
Georgia,Coweta County,23.49615
Georgia,Crawford County,37.3151
Georgia,Crisp County,7.8439499999999995
Georgia,Dade County,2.0284500000000003
Georgia,Dawson County,1.5665
Georgia,DeKalb County,24.060499999999998
Georgia,Decatur County,38.4983
Georgia,Dodge County,8.061499999999999
Georgia,Dooly County,80.2661
Georgia,Dougherty County,51.3476
Georgia,Douglas County,24.25385
Georgia,Early County,8.0738
Georgia,Echols County,13.8367
Georgia,Effingham County,1.6832000000000003
Georgia,Elbert County,37.8727
Georgia,Emanuel County,41.300700000000006
Georgia,Evans County,7.8989
Georgia,Fannin County,7.0625
Georgia,Fayette County,23.3978
Georgia,Floyd County,24.965449999999997
Georgia,Forsyth County,23.2781
Georgia,Franklin County,7.8154
Georgia,Fulton County,23.82095
Georgia,Gilmer County,38.192
Georgia,Glynn County,23.6029
Georgia,Gordon County,38.0436
Georgia,Grady County,8.44575
Georgia,Greene County,7.240299999999999
Georgia,Gwinnett County,23.8874
Georgia,Habersham County,19.79495
Georgia,Hall County,20.254550000000002
Georgia,Hancock County,43.90645
Georgia,Haralson County,7.0921
Georgia,Harris County,1.5067000000000002
Georgia,Hart County,8.3163
Georgia,Heard County,6.778099999999999
Georgia,Henry County,24.3118
Georgia,Houston County,25.2441
Georgia,Irwin County,22.9219
Georgia,Jackson County,19.9194
Georgia,Jasper County,7.898600000000001
Georgia,Jeff Davis County,40.1645
Georgia,Jefferson County,37.9624
Georgia,Jenkins County,23.177
Georgia,Johnson County,37.9043
Georgia,Jones County,5.154349999999999
Georgia,Lamar County,37.9494
Georgia,Lanier County,22.8689
Georgia,Laurens County,38.2299
Georgia,Lee County,7.578699999999999
Georgia,Liberty County,24.009050000000002
Georgia,Lincoln County,13.8248
Georgia,Long County,14.3132
Georgia,Lowndes County,23.8052
Georgia,Lumpkin County,4.9074
Georgia,Macon County,23.24465
Georgia,Madison County,2.0922
Georgia,Marion County,22.542099999999998
Georgia,McDuffie County,8.236
Georgia,McIntosh County,7.8306
Georgia,Meriwether County,37.94345
Georgia,Miller County,7.4999
Georgia,Mitchell County,37.4384
Georgia,Monroe County,18.6671
Georgia,Montgomery County,37.9861
Georgia,Morgan County,1.8775000000000004
Georgia,Murray County,7.2877
Georgia,Muscogee County,27.5671
Georgia,Newton County,50.087
Georgia,Oconee County,1.185
Georgia,Oglethorpe County,7.1458
Georgia,Paulding County,23.6357
Georgia,Peach County,38.242050000000006
Georgia,Pickens County,1.82395
Georgia,Pierce County,22.983400000000003
Georgia,Pike County,1.6050000000000002
Georgia,Polk County,19.9979
Georgia,Pulaski County,7.4913
Georgia,Putnam County,7.173500000000001
Georgia,Rabun County,7.6356
Georgia,Randolph County,60.16595
Georgia,Richmond County,49.8126
Georgia,Rockdale County,24.2043
Georgia,Schley County,4.8205
Georgia,Screven County,20.0392
Georgia,Seminole County,7.520399999999999
Georgia,Spalding County,30.71985
Georgia,Stephens County,20.3962
Georgia,Stewart County,55.5479
Georgia,Sumter County,15.026250000000001
Georgia,Talbot County,7.7981
Georgia,Tattnall County,20.1072
Georgia,Taylor County,8.164900000000001
Georgia,Telfair County,40.2637
Georgia,Terrell County,8.433200000000001
Georgia,Thomas County,19.281
Georgia,Tift County,8.1135
Georgia,Toombs County,29.2526
Georgia,Towns County,1.6675
Georgia,Treutlen County,25.434250000000002
Georgia,Troup County,20.316850000000002
Georgia,Turner County,45.086499999999994
Georgia,Twiggs County,38.10615
Georgia,Union County,6.82975
Georgia,Upson County,37.7228
Georgia,Walker County,2.2864000000000004
Georgia,Walton County,6.555000000000001
Georgia,Ware County,42.348
Georgia,Warren County,22.9317
Georgia,Washington County,38.4917
Georgia,Wayne County,28.19265
Georgia,Webster County,7.6499500000000005
Georgia,Wheeler County,22.95605
Georgia,White County,1.7529000000000003
Georgia,Whitfield County,21.0472
Georgia,Wilcox County,7.712400000000001
Georgia,Wilkes County,28.902300000000004
Georgia,Wilkinson County,38.452000000000005
Georgia,Worth County,7.428999999999999
Hawaii,Hawaii County,24.1487
Hawaii,Honolulu County,8.4736
Hawaii,Kauai County,21.703
Hawaii,Maui County,23.33195
Idaho,Ada County,23.6496
Idaho,Adams County,9.9038
Idaho,Bannock County,23.7175
Idaho,Bear Lake County,13.0243
Idaho,Benewah County,29.81425
Idaho,Bingham County,21.4563
Idaho,Blaine County,2.2627
Idaho,Bonner County,7.634399999999999
Idaho,Bonneville County,23.8382
Idaho,Boundary County,10.8586
Idaho,Canyon County,21.1509
Idaho,Caribou County,1.21815
Idaho,Cassia County,20.86615
Idaho,Clearwater County,10.43805
Idaho,Elmore County,37.1423
Idaho,Franklin County,10.4443
Idaho,Fremont County,18.2892
Idaho,Gem County,38.1903
Idaho,Gooding County,2.3632
Idaho,Idaho County,18.9475
Idaho,Jefferson County,12.927750000000001
Idaho,Jerome County,22.048
Idaho,Kootenai County,20.645
Idaho,Latah County,42.3335
Idaho,Lemhi County,32.1065
Idaho,Lewis County,18.2558
Idaho,Madison County,23.59375
Idaho,Minidoka County,18.4918
Idaho,Nez Perce County,13.420850000000002
Idaho,Owyhee County,7.9134
Idaho,Payette County,13.1805
Idaho,Power County,20.90585
Idaho,Shoshone County,7.3987
Idaho,Twin Falls County,13.956949999999999
Idaho,Valley County,1.2127
Idaho,Washington County,19.2055
Illinois,Adams County,19.2638
Illinois,Alexander County,46.952799999999996
Illinois,Bond County,10.1147
Illinois,Boone County,24.4882
Illinois,Brown County,12.61185
Illinois,Bureau County,18.8762
Illinois,Calhoun County,10.16445
Illinois,Carroll County,3.82215
Illinois,Cass County,18.0603
Illinois,Champaign County,24.0281
Illinois,Christian County,19.14225
Illinois,Clark County,12.46025
Illinois,Clay County,12.65805
Illinois,Clinton County,6.59545
Illinois,Coles County,45.60895
Illinois,Cook County,8.56715
Illinois,Crawford County,7.83405
Illinois,Cumberland County,1.874
Illinois,De Witt County,18.4153
Illinois,DeKalb County,23.7133
Illinois,Douglas County,19.1945
Illinois,DuPage County,20.42275
Illinois,Edgar County,18.6791
Illinois,Edwards County,6.4536
Illinois,Effingham County,20.20345
Illinois,Fayette County,40.3421
Illinois,Ford County,19.1662
Illinois,Franklin County,30.60955
Illinois,Fulton County,8.92145
Illinois,Gallatin County,29.914450000000002
Illinois,Greene County,6.6134
Illinois,Grundy County,12.68755
Illinois,Hamilton County,18.4384
Illinois,Hancock County,8.472
Illinois,Hardin County,12.981000000000002
Illinois,Henderson County,5.948300000000001
Illinois,Henry County,18.2705
Illinois,Iroquois County,18.2221
Illinois,Jackson County,55.17665
Illinois,Jasper County,1.4703000000000002
Illinois,Jefferson County,23.2922
Illinois,Jersey County,12.76525
Illinois,Jo Daviess County,12.56315
Illinois,Johnson County,11.107800000000001
Illinois,Kane County,23.29435
Illinois,Kankakee County,21.0131
Illinois,Kendall County,23.5573
Illinois,Knox County,21.704500000000003
Illinois,LaSalle County,19.8204
Illinois,Lake County,23.222949999999997
Illinois,Lawrence County,8.1313
Illinois,Lee County,1.6467
Illinois,Livingston County,18.941850000000002
Illinois,Logan County,18.3467
Illinois,Macon County,23.6147
Illinois,Macoupin County,7.2769
Illinois,Madison County,41.7439
Illinois,Marion County,29.079
Illinois,Marshall County,1.3921
Illinois,Mason County,12.798549999999999
Illinois,Massac County,19.99755
Illinois,McDonough County,41.2041
Illinois,McHenry County,23.436600000000002
Illinois,McLean County,23.2308
Illinois,Menard County,1.3539000000000003
Illinois,Mercer County,21.26685
Illinois,Monroe County,21.3601
Illinois,Montgomery County,24.405
Illinois,Morgan County,40.68785
Illinois,Moultrie County,7.7485
Illinois,Ogle County,9.1719
Illinois,Peoria County,41.513149999999996
Illinois,Perry County,22.23185
Illinois,Piatt County,3.4223500000000002
Illinois,Pike County,39.9456
Illinois,Pope County,12.683499999999999
Illinois,Pulaski County,70.44305
Illinois,Putnam County,1.1803
Illinois,Randolph County,7.077000000000001
Illinois,Richland County,9.3029
Illinois,Rock Island County,22.396549999999998
Illinois,Saline County,20.7949
Illinois,Sangamon County,23.1127
Illinois,Schuyler County,19.9879
Illinois,Scott County,18.94775
Illinois,Shelby County,12.426200000000001
Illinois,St. Clair County,41.965
Illinois,Stark County,19.149700000000003
Illinois,Stephenson County,7.95
Illinois,Tazewell County,23.61365
Illinois,Union County,20.3477
Illinois,Vermilion County,29.996199999999998
Illinois,Wabash County,21.5978
Illinois,Warren County,6.3403
Illinois,Washington County,4.9595
Illinois,Wayne County,20.1872
Illinois,White County,6.738
Illinois,Whiteside County,14.94745
Illinois,Will County,23.219
Illinois,Williamson County,37.2278
Illinois,Winnebago County,22.6102
Illinois,Woodford County,1.558
Indiana,Adams County,24.2112
Indiana,Allen County,23.37795
Indiana,Bartholomew County,23.3827
Indiana,Benton County,7.0515
Indiana,Blackford County,10.80585
Indiana,Boone County,12.302050000000001
Indiana,Brown County,1.3328000000000002
Indiana,Carroll County,1.2084
Indiana,Cass County,9.2715
Indiana,Clark County,20.83785
Indiana,Clay County,1.6258
Indiana,Clinton County,18.887050000000002
Indiana,Crawford County,6.6531
Indiana,Daviess County,19.6258
Indiana,DeKalb County,1.958
Indiana,Dearborn County,12.50955
Indiana,Decatur County,10.995450000000002
Indiana,Delaware County,33.3936
Indiana,Dubois County,19.0255
Indiana,Elkhart County,24.42095
Indiana,Fayette County,7.791399999999999
Indiana,Floyd County,21.26195
Indiana,Fountain County,6.3522
Indiana,Franklin County,1.1865
Indiana,Fulton County,1.9397499999999999
Indiana,Gibson County,1.7207
Indiana,Grant County,23.84115
Indiana,Greene County,18.6044
Indiana,Hamilton County,23.588
Indiana,Hancock County,21.49635
Indiana,Harrison County,1.7706
Indiana,Hendricks County,23.2539
Indiana,Henry County,20.8413
Indiana,Howard County,23.8087
Indiana,Huntington County,20.083
Indiana,Jackson County,22.66955
Indiana,Jasper County,6.3333
Indiana,Jay County,37.9695
Indiana,Jefferson County,20.0784
Indiana,Jennings County,19.2861
Indiana,Johnson County,23.4846
Indiana,Knox County,20.871299999999998
Indiana,Kosciusko County,7.4632
Indiana,LaGrange County,19.0244
Indiana,LaPorte County,23.606949999999998
Indiana,Lake County,23.7742
Indiana,Lawrence County,20.01485
Indiana,Madison County,23.0433
Indiana,Marion County,24.2468
Indiana,Marshall County,18.566200000000002
Indiana,Martin County,1.5969000000000002
Indiana,Miami County,14.0467
Indiana,Monroe County,24.496
Indiana,Montgomery County,8.9696
Indiana,Morgan County,20.761
Indiana,Newton County,7.16535
Indiana,Noble County,5.0996500000000005
Indiana,Ohio County,3.4514000000000005
Indiana,Orange County,11.049850000000001
Indiana,Owen County,2.055
Indiana,Parke County,19.549599999999998
Indiana,Perry County,18.794500000000003
Indiana,Pike County,1.4567
Indiana,Porter County,23.2837
Indiana,Posey County,18.5039
Indiana,Pulaski County,6.8888
Indiana,Putnam County,2.0535
Indiana,Randolph County,1.74185
Indiana,Ripley County,2.15655
Indiana,Rush County,9.376
Indiana,Scott County,7.1871
Indiana,Shelby County,19.15645
Indiana,Spencer County,1.3843
Indiana,St. Joseph County,22.9159
Indiana,Starke County,1.798
Indiana,Steuben County,1.3162
Indiana,Sullivan County,2.1696
Indiana,Switzerland County,7.308800000000001
Indiana,Tippecanoe County,23.8061
Indiana,Tipton County,9.799299999999999
Indiana,Union County,6.2258
Indiana,Vanderburgh County,24.1373
Indiana,Vermillion County,1.4606
Indiana,Vigo County,36.99625
Indiana,Wabash County,11.1969
Indiana,Warren County,1.4754
Indiana,Warrick County,9.4562
Indiana,Washington County,20.09395
Indiana,Wayne County,24.5687
Indiana,Wells County,23.4803
Indiana,White County,1.0231
Indiana,Whitley County,1.2271
Iowa,Adair County,1.2747
Iowa,Adams County,1.3264500000000001
Iowa,Allamakee County,1.8778
Iowa,Appanoose County,9.2825
Iowa,Audubon County,1.5531
Iowa,Benton County,6.653
Iowa,Black Hawk County,23.513849999999998
Iowa,Boone County,1.1816
Iowa,Bremer County,1.2644
Iowa,Buchanan County,10.04835
Iowa,Buena Vista County,9.9288
Iowa,Butler County,1.2160000000000002
Iowa,Calhoun County,12.558250000000001
Iowa,Carroll County,1.43405
Iowa,Cass County,18.168000000000003
Iowa,Cedar County,7.995900000000001
Iowa,Cerro Gordo County,20.333
Iowa,Cherokee County,18.13025
Iowa,Chickasaw County,13.2663
Iowa,Clarke County,1.3206000000000002
Iowa,Clay County,12.8838
Iowa,Clayton County,1.0985999999999998
Iowa,Clinton County,24.047600000000003
Iowa,Crawford County,18.8957
Iowa,Dallas County,20.1157
Iowa,Davis County,10.66265
Iowa,Decatur County,7.1396
Iowa,Delaware County,9.761750000000001
Iowa,Des Moines County,21.1954
Iowa,Dickinson County,8.53
Iowa,Dubuque County,23.32695
Iowa,Emmet County,22.112000000000002
Iowa,Fayette County,1.8944
Iowa,Floyd County,18.4179
Iowa,Franklin County,18.8207
Iowa,Fremont County,18.5485
Iowa,Greene County,10.0104
Iowa,Grundy County,1.01025
Iowa,Guthrie County,18.5895
Iowa,Hamilton County,9.0328
Iowa,Hancock County,1.1938
Iowa,Hardin County,1.1835
Iowa,Harrison County,18.2691
Iowa,Henry County,18.7173
Iowa,Howard County,18.8717
Iowa,Humboldt County,21.30285
Iowa,Ida County,1.3061
Iowa,Iowa County,1.4992
Iowa,Jackson County,18.4333
Iowa,Jasper County,18.6266
Iowa,Jefferson County,30.7185
Iowa,Johnson County,12.242550000000001
Iowa,Jones County,8.948400000000001
Iowa,Keokuk County,1.3773499999999999
Iowa,Kossuth County,1.5299
Iowa,Lee County,23.9592
Iowa,Linn County,23.347
Iowa,Louisa County,1.4376
Iowa,Lucas County,10.699650000000002
Iowa,Lyon County,0.7997000000000001
Iowa,Madison County,26.7064
Iowa,Mahaska County,20.3652
Iowa,Marion County,18.7326
Iowa,Marshall County,16.365000000000002
Iowa,Mills County,8.5089
Iowa,Mitchell County,18.6257
Iowa,Monona County,12.477
Iowa,Monroe County,7.496
Iowa,Montgomery County,18.6353
Iowa,Muscatine County,18.9386
Iowa,O'Brien County,1.3638500000000002
Iowa,Osceola County,21.403100000000002
Iowa,Page County,8.4057
Iowa,Palo Alto County,12.29265
Iowa,Plymouth County,9.932049999999998
Iowa,Pocahontas County,1.9272
Iowa,Polk County,21.0822
Iowa,Pottawattamie County,18.35315
Iowa,Poweshiek County,1.1409
Iowa,Ringgold County,9.861550000000001
Iowa,Sac County,1.4206500000000002
Iowa,Scott County,20.1952
Iowa,Shelby County,13.4175
Iowa,Sioux County,1.0114
Iowa,Story County,23.491500000000002
Iowa,Tama County,1.5185
Iowa,Taylor County,1.6092000000000002
Iowa,Union County,19.7501
Iowa,Van Buren County,44.4035
Iowa,Wapello County,36.6301
Iowa,Warren County,18.3491
Iowa,Washington County,18.4591
Iowa,Wayne County,18.8936
Iowa,Webster County,14.895100000000001
Iowa,Winnebago County,1.2142
Iowa,Winneshiek County,1.4114
Iowa,Woodbury County,21.271
Iowa,Worth County,1.3839
Iowa,Wright County,18.667
Kansas,Allen County,9.446700000000002
Kansas,Anderson County,19.4101
Kansas,Atchison County,34.409549999999996
Kansas,Barber County,1.76305
Kansas,Barton County,19.55885
Kansas,Bourbon County,20.137400000000003
Kansas,Brown County,6.825900000000001
Kansas,Butler County,19.4584
Kansas,Cherokee County,36.6297
Kansas,Clay County,13.45175
Kansas,Cloud County,19.274549999999998
Kansas,Coffey County,18.6003
Kansas,Cowley County,20.6076
Kansas,Crawford County,23.7434
Kansas,Decatur County,23.70305
Kansas,Dickinson County,7.8863
Kansas,Doniphan County,2.2149
Kansas,Douglas County,24.0231
Kansas,Edwards County,3.4918500000000003
Kansas,Ellis County,21.47805
Kansas,Ellsworth County,27.67485
Kansas,Finney County,14.2116
Kansas,Ford County,24.4059
Kansas,Franklin County,23.3598
Kansas,Geary County,48.988
Kansas,Gove County,29.02975
Kansas,Graham County,22.784850000000002
Kansas,Grant County,12.46645
Kansas,Gray County,9.5203
Kansas,Greenwood County,18.7862
Kansas,Harper County,6.4051
Kansas,Harvey County,14.046399999999998
Kansas,Jackson County,18.6368
Kansas,Jefferson County,1.28665
Kansas,Jewell County,23.453850000000003
Kansas,Johnson County,14.44865
Kansas,Kingman County,18.4054
Kansas,Labette County,18.9376
Kansas,Leavenworth County,23.9979
Kansas,Linn County,23.762800000000002
Kansas,Lyon County,20.11065
Kansas,Marion County,18.9031
Kansas,Marshall County,1.3491499999999998
Kansas,McPherson County,23.5905
Kansas,Meade County,10.03375
Kansas,Miami County,0.9269499999999999
Kansas,Mitchell County,21.693649999999998
Kansas,Montgomery County,21.7174
Kansas,Morris County,12.37115
Kansas,Nemaha County,18.7164
Kansas,Neosho County,20.8188
Kansas,Ness County,20.050349999999998
Kansas,Osage County,9.4165
Kansas,Ottawa County,9.95955
Kansas,Pawnee County,33.75365
Kansas,Phillips County,18.1555
Kansas,Pottawatomie County,1.7404000000000002
Kansas,Pratt County,23.7887
Kansas,Reno County,20.9237
Kansas,Republic County,18.2733
Kansas,Rice County,19.4496
Kansas,Riley County,43.1617
Kansas,Rooks County,12.22905
Kansas,Rush County,9.80535
Kansas,Russell County,20.878500000000003
Kansas,Saline County,21.455399999999997
Kansas,Sedgwick County,23.30315
Kansas,Seward County,39.7797
Kansas,Shawnee County,21.3779
Kansas,Sheridan County,9.262799999999999
Kansas,Sherman County,44.7405
Kansas,Smith County,12.60765
Kansas,Stafford County,10.296850000000001
Kansas,Stevens County,34.0962
Kansas,Sumner County,18.91845
Kansas,Thomas County,21.34
Kansas,Wabaunsee County,9.532649999999999
Kansas,Washington County,29.32995
Kansas,Wilson County,13.012350000000001
Kansas,Woodson County,23.96045
Kansas,Wyandotte County,22.9182
Kentucky,Adair County,7.5857
Kentucky,Allen County,7.33455
Kentucky,Anderson County,2.1551
Kentucky,Ballard County,1.7759
Kentucky,Barren County,14.341750000000001
Kentucky,Bath County,8.4991
Kentucky,Bell County,39.405
Kentucky,Boone County,23.4668
Kentucky,Bourbon County,4.38025
Kentucky,Boyd County,24.5684
Kentucky,Boyle County,19.7565
Kentucky,Bracken County,7.4923
Kentucky,Breathitt County,9.2893
Kentucky,Breckinridge County,13.761849999999999
Kentucky,Bullitt County,23.7465
Kentucky,Butler County,1.6449
Kentucky,Caldwell County,7.317500000000001
Kentucky,Calloway County,19.8732
Kentucky,Campbell County,23.6614
Kentucky,Carlisle County,7.455399999999999
Kentucky,Carroll County,8.4298
Kentucky,Carter County,8.9045
Kentucky,Casey County,38.9157
Kentucky,Christian County,32.80705
Kentucky,Clark County,9.14235
Kentucky,Clay County,42.3225
Kentucky,Clinton County,37.422700000000006
Kentucky,Crittenden County,1.8865
Kentucky,Cumberland County,22.472800000000003
Kentucky,Daviess County,20.8569
Kentucky,Edmonson County,8.2448
Kentucky,Elliott County,8.6476
Kentucky,Estill County,23.9471
Kentucky,Fayette County,21.5649
Kentucky,Fleming County,4.5542
Kentucky,Floyd County,38.72665
Kentucky,Franklin County,23.275
Kentucky,Fulton County,23.35065
Kentucky,Gallatin County,6.824450000000001
Kentucky,Garrard County,19.873350000000002
Kentucky,Grant County,37.80265
Kentucky,Graves County,8.6978
Kentucky,Grayson County,19.53
Kentucky,Green County,13.26985
Kentucky,Greenup County,8.8789
Kentucky,Hancock County,6.7816
Kentucky,Hardin County,23.94565
Kentucky,Harlan County,38.485800000000005
Kentucky,Harrison County,18.4457
Kentucky,Hart County,37.6531
Kentucky,Henderson County,19.1314
Kentucky,Henry County,6.877
Kentucky,Hopkins County,21.5559
Kentucky,Jackson County,39.1548
Kentucky,Jefferson County,23.5199
Kentucky,Jessamine County,21.9883
Kentucky,Johnson County,37.6327
Kentucky,Kenton County,23.4837
Kentucky,Knott County,38.7431
Kentucky,Knox County,38.387550000000005
Kentucky,Larue County,6.70895
Kentucky,Laurel County,38.071200000000005
Kentucky,Lawrence County,8.8834
Kentucky,Lee County,8.4282
Kentucky,Leslie County,39.0692
Kentucky,Letcher County,8.536000000000001
Kentucky,Lewis County,22.8949
Kentucky,Lincoln County,8.34965
Kentucky,Livingston County,36.23095
Kentucky,Logan County,20.0272
Kentucky,Lyon County,1.8107000000000002
Kentucky,Madison County,24.2087
Kentucky,Magoffin County,23.194499999999998
Kentucky,Marion County,4.819750000000001
Kentucky,Marshall County,10.992799999999999
Kentucky,Martin County,38.1035
Kentucky,Mason County,2.2368
Kentucky,McCracken County,42.2206
Kentucky,McCreary County,23.7622
Kentucky,McLean County,2.1118
Kentucky,Meade County,10.26445
Kentucky,Menifee County,22.645300000000002
Kentucky,Mercer County,19.581
Kentucky,Metcalfe County,7.2094
Kentucky,Monroe County,7.9605
Kentucky,Montgomery County,22.44095
Kentucky,Morgan County,37.4365
Kentucky,Muhlenberg County,7.2862
Kentucky,Nelson County,2.0645
Kentucky,Nicholas County,22.866750000000003
Kentucky,Ohio County,7.339799999999999
Kentucky,Oldham County,10.957450000000001
Kentucky,Owen County,7.0669
Kentucky,Owsley County,23.817750000000004
Kentucky,Pendleton County,6.8293
Kentucky,Perry County,37.80055
Kentucky,Pike County,7.946400000000001
Kentucky,Powell County,37.82065
Kentucky,Pulaski County,24.58935
Kentucky,Rockcastle County,22.37065
Kentucky,Rowan County,29.075499999999998
Kentucky,Russell County,37.4402
Kentucky,Scott County,18.45325
Kentucky,Shelby County,1.7424000000000002
Kentucky,Simpson County,4.63855
Kentucky,Spencer County,1.20565
Kentucky,Taylor County,37.7029
Kentucky,Todd County,29.1188
Kentucky,Trigg County,18.3529
Kentucky,Trimble County,28.82545
Kentucky,Union County,13.0342
Kentucky,Warren County,23.1051
Kentucky,Washington County,20.1505
Kentucky,Wayne County,37.9563
Kentucky,Webster County,19.1145
Kentucky,Whitley County,23.68985
Kentucky,Wolfe County,38.57775
Kentucky,Woodford County,16.3809
Louisiana,Acadia Parish,22.2691
Louisiana,Allen Parish,40.2215
Louisiana,Ascension Parish,24.3031
Louisiana,Assumption Parish,4.79565
Louisiana,Avoyelles Parish,20.6168
Louisiana,Beauregard Parish,37.684
Louisiana,Bienville Parish,38.4018
Louisiana,Bossier Parish,33.2627
Louisiana,Caddo Parish,43.0808
Louisiana,Calcasieu Parish,24.023449999999997
Louisiana,Caldwell Parish,38.053
Louisiana,Cameron Parish,18.686950000000003
Louisiana,Catahoula Parish,18.736
Louisiana,Claiborne Parish,8.550500000000001
Louisiana,Concordia Parish,19.4138
Louisiana,De Soto Parish,37.4834
Louisiana,East Baton Rouge Parish,23.9025
Louisiana,East Carroll Parish,51.1227
Louisiana,East Feliciana Parish,8.588999999999999
Louisiana,Evangeline Parish,37.854600000000005
Louisiana,Franklin Parish,40.37275
Louisiana,Grant Parish,39.31
Louisiana,Iberia Parish,37.6887
Louisiana,Iberville Parish,20.4644
Louisiana,Jackson Parish,40.6399
Louisiana,Jefferson Davis Parish,24.5146
Louisiana,Jefferson Parish,9.03105
Louisiana,LaSalle Parish,19.1952
Louisiana,Lafayette Parish,24.52385
Louisiana,Lafourche Parish,24.2698
Louisiana,Lincoln Parish,51.314949999999996
Louisiana,Livingston Parish,24.3291
Louisiana,Madison Parish,21.922
Louisiana,Morehouse Parish,38.8582
Louisiana,Natchitoches Parish,40.7302
Louisiana,Orleans Parish,10.211000000000002
Louisiana,Ouachita Parish,23.800150000000002
Louisiana,Plaquemines Parish,45.7002
Louisiana,Pointe Coupee Parish,7.953049999999999
Louisiana,Rapides Parish,37.7143
Louisiana,Red River Parish,28.97455
Louisiana,Richland Parish,14.480700000000002
Louisiana,Sabine Parish,36.618
Louisiana,St. Bernard Parish,20.7112
Louisiana,St. Charles Parish,23.5744
Louisiana,St. Helena Parish,37.640150000000006
Louisiana,St. James Parish,23.9446
Louisiana,St. John the Baptist Parish,24.7948
Louisiana,St. Landry Parish,24.2658
Louisiana,St. Martin Parish,2.3358
Louisiana,St. Mary Parish,22.6413
Louisiana,St. Tammany Parish,23.6012
Louisiana,Tangipahoa Parish,41.2639
Louisiana,Tensas Parish,42.5259
Louisiana,Terrebonne Parish,37.2709
Louisiana,Union Parish,37.1576
Louisiana,Vermilion Parish,11.184050000000001
Louisiana,Vernon Parish,39.22085
Louisiana,Washington Parish,38.609100000000005
Louisiana,Webster Parish,50.0968
Louisiana,West Baton Rouge Parish,24.6464
Louisiana,West Carroll Parish,7.5736
Louisiana,West Feliciana Parish,2.3974
Louisiana,Winn Parish,30.064349999999997
Maine,Androscoggin County,4.43855
Maine,Aroostook County,7.648700000000001
Maine,Cumberland County,8.956800000000001
Maine,Franklin County,1.6359
Maine,Hancock County,1.7629
Maine,Kennebec County,1.7040000000000002
Maine,Knox County,1.9135
Maine,Lincoln County,1.3861
Maine,Oxford County,18.2284
Maine,Penobscot County,7.221349999999999
Maine,Piscataquis County,6.9374
Maine,Sagadahoc County,12.86425
Maine,Somerset County,7.1228
Maine,Waldo County,13.28175
Maine,Washington County,7.2766
Maine,York County,19.025750000000002
Maryland,Allegany County,48.4764
Maryland,Anne Arundel County,23.2399
Maryland,Baltimore County,20.4614
Maryland,Baltimore city,19.65555
Maryland,Calvert County,14.6789
Maryland,Caroline County,7.0973
Maryland,Carroll County,18.9754
Maryland,Cecil County,1.2736
Maryland,Charles County,22.9745
Maryland,Dorchester County,39.069100000000006
Maryland,Frederick County,20.311
Maryland,Garrett County,6.5337000000000005
Maryland,Harford County,23.1479
Maryland,Howard County,22.9536
Maryland,Kent County,6.4138
Maryland,Montgomery County,19.7651
Maryland,Prince George's County,22.0328
Maryland,Queen Anne's County,6.088900000000001
Maryland,Somerset County,22.8434
Maryland,St. Mary's County,19.1371
Maryland,Talbot County,3.9986
Maryland,Washington County,23.73245
Maryland,Wicomico County,23.2962
Maryland,Worcester County,23.466
Massachusetts,Barnstable County,23.485300000000002
Massachusetts,Berkshire County,18.9125
Massachusetts,Bristol County,23.4183
Massachusetts,Dukes County,15.940800000000001
Massachusetts,Essex County,23.27395
Massachusetts,Franklin County,13.769
Massachusetts,Hampden County,23.4033
Massachusetts,Hampshire County,40.414699999999996
Massachusetts,Middlesex County,23.0668
Massachusetts,Nantucket County,8.6669
Massachusetts,Norfolk County,23.4668
Massachusetts,Plymouth County,23.2684
Massachusetts,Suffolk County,8.341650000000001
Massachusetts,Worcester County,23.3917
Michigan,Alcona County,7.0692
Michigan,Alger County,1.6042
Michigan,Allegan County,4.9193
Michigan,Alpena County,20.9004
Michigan,Antrim County,1.4202
Michigan,Arenac County,6.9872000000000005
Michigan,Baraga County,40.328
Michigan,Barry County,1.3865000000000005
Michigan,Bay County,20.81015
Michigan,Benzie County,1.2951
Michigan,Berrien County,22.2189
Michigan,Branch County,8.13565
Michigan,Calhoun County,26.3641
Michigan,Cass County,7.1736
Michigan,Charlevoix County,1.4297
Michigan,Cheboygan County,6.734349999999999
Michigan,Chippewa County,14.05595
Michigan,Clare County,7.64
Michigan,Clinton County,1.2929
Michigan,Crawford County,6.573099999999999
Michigan,Delta County,18.541
Michigan,Dickinson County,23.8207
Michigan,Eaton County,14.81355
Michigan,Emmet County,13.553600000000001
Michigan,Genesee County,23.6405
Michigan,Gladwin County,19.9511
Michigan,Gogebic County,19.7673
Michigan,Grand Traverse County,8.7545
Michigan,Gratiot County,12.9665
Michigan,Hillsdale County,7.15695
Michigan,Houghton County,20.276600000000002
Michigan,Huron County,1.7021000000000002
Michigan,Ingham County,23.64235
Michigan,Ionia County,19.7298
Michigan,Iosco County,7.2446
Michigan,Iron County,6.5669
Michigan,Isabella County,8.634300000000001
Michigan,Jackson County,23.44945
Michigan,Kalamazoo County,23.9239
Michigan,Kalkaska County,7.1794
Michigan,Kent County,22.49195
Michigan,Lake County,22.64775
Michigan,Lapeer County,1.3978000000000002
Michigan,Leelanau County,1.1878000000000002
Michigan,Lenawee County,6.8004
Michigan,Livingston County,1.7285
Michigan,Luce County,34.281549999999996
Michigan,Mackinac County,37.3762
Michigan,Macomb County,23.2416
Michigan,Manistee County,1.9912000000000003
Michigan,Marquette County,13.587150000000001
Michigan,Mason County,9.41495
Michigan,Mecosta County,19.0381
Michigan,Menominee County,6.8021
Michigan,Midland County,9.0556
Michigan,Missaukee County,6.9514
Michigan,Monroe County,4.783950000000001
Michigan,Montcalm County,7.739400000000001
Michigan,Montmorency County,6.7708
Michigan,Muskegon County,24.1876
Michigan,Newaygo County,7.3919
Michigan,Oakland County,23.041600000000003
Michigan,Oceana County,7.3203
Michigan,Ogemaw County,6.9108
Michigan,Ontonagon County,39.5833
Michigan,Osceola County,37.260149999999996
Michigan,Oscoda County,7.425
Michigan,Otsego County,21.7388
Michigan,Ottawa County,23.1911
Michigan,Presque Isle County,18.0323
Michigan,Roscommon County,7.527699999999999
Michigan,Saginaw County,24.299
Michigan,Sanilac County,7.5365
Michigan,Schoolcraft County,32.3711
Michigan,Shiawassee County,23.5515
Michigan,St. Clair County,23.0169
Michigan,St. Joseph County,19.6586
Michigan,Tuscola County,7.2756
Michigan,Van Buren County,7.083
Michigan,Washtenaw County,22.3535
Michigan,Wayne County,22.002200000000002
Michigan,Wexford County,20.862099999999998
Minnesota,Aitkin County,39.599650000000004
Minnesota,Anoka County,23.2118
Minnesota,Becker County,28.7853
Minnesota,Beltrami County,30.7847
Minnesota,Benton County,23.4793
Minnesota,Big Stone County,18.0216
Minnesota,Blue Earth County,23.9572
Minnesota,Brown County,8.411100000000001
Minnesota,Carlton County,19.8108
Minnesota,Carver County,23.1373
Minnesota,Cass County,6.9112
Minnesota,Chippewa County,9.6897
Minnesota,Chisago County,23.340049999999998
Minnesota,Clay County,21.1649
Minnesota,Clearwater County,40.4324
Minnesota,Cook County,37.863800000000005
Minnesota,Cottonwood County,6.438000000000001
Minnesota,Crow Wing County,6.12345
Minnesota,Dakota County,23.2441
Minnesota,Dodge County,6.254899999999999
Minnesota,Douglas County,18.6
Minnesota,Faribault County,6.575100000000001
Minnesota,Fillmore County,3.8995
Minnesota,Freeborn County,19.916
Minnesota,Goodhue County,1.4709
Minnesota,Grant County,39.590900000000005
Minnesota,Hennepin County,20.7833
Minnesota,Houston County,1.3561
Minnesota,Hubbard County,18.6511
Minnesota,Isanti County,21.03235
Minnesota,Itasca County,18.2364
Minnesota,Jackson County,9.62345
Minnesota,Kanabec County,20.560399999999998
Minnesota,Kandiyohi County,18.818600000000004
Minnesota,Kittson County,29.0226
Minnesota,Koochiching County,50.0342
Minnesota,Lac qui Parle County,6.3125
Minnesota,Lake County,18.2071
Minnesota,Lake of the Woods County,12.372249999999998
Minnesota,Le Sueur County,3.8234
Minnesota,Lincoln County,6.3347999999999995
Minnesota,Lyon County,18.6133
Minnesota,Mahnomen County,23.98565
Minnesota,Marshall County,18.06785
Minnesota,Martin County,28.867350000000002
Minnesota,McLeod County,23.2591
Minnesota,Meeker County,19.0131
Minnesota,Mille Lacs County,6.766500000000001
Minnesota,Morrison County,21.344949999999997
Minnesota,Mower County,19.197
Minnesota,Murray County,1.196
Minnesota,Nicollet County,36.5612
Minnesota,Nobles County,19.332250000000002
Minnesota,Norman County,6.0991
Minnesota,Olmsted County,20.8312
Minnesota,Otter Tail County,18.1467
Minnesota,Pennington County,18.3782
Minnesota,Pine County,23.196550000000002
Minnesota,Pipestone County,18.2195
Minnesota,Polk County,22.06515
Minnesota,Pope County,9.6349
Minnesota,Ramsey County,21.15205
Minnesota,Red Lake County,18.419450000000005
Minnesota,Redwood County,19.3273
Minnesota,Renville County,3.9172000000000002
Minnesota,Rice County,20.5594
Minnesota,Rock County,23.4965
Minnesota,Roseau County,18.3339
Minnesota,Scott County,23.0823
Minnesota,Sherburne County,1.4624
Minnesota,Sibley County,6.04405
Minnesota,St. Louis County,20.823900000000002
Minnesota,Stearns County,20.601
Minnesota,Steele County,20.32095
Minnesota,Stevens County,7.869400000000001
Minnesota,Swift County,13.59815
Minnesota,Todd County,29.1886
Minnesota,Traverse County,6.2979
Minnesota,Wabasha County,7.0473
Minnesota,Wadena County,7.367599999999999
Minnesota,Waseca County,39.5766
Minnesota,Washington County,23.380000000000003
Minnesota,Watonwan County,1.5968000000000002
Minnesota,Wilkin County,19.0038
Minnesota,Winona County,21.384349999999998
Minnesota,Wright County,19.5816
Minnesota,Yellow Medicine County,10.3444
Mississippi,Adams County,50.3183
Mississippi,Alcorn County,19.0075
Mississippi,Amite County,38.7132
Mississippi,Attala County,19.1252
Mississippi,Benton County,41.00645
Mississippi,Bolivar County,62.4612
Mississippi,Calhoun County,7.945
Mississippi,Carroll County,28.24485
Mississippi,Chickasaw County,29.252499999999998
Mississippi,Choctaw County,8.2885
Mississippi,Claiborne County,72.493
Mississippi,Clarke County,28.6408
Mississippi,Clay County,51.4732
Mississippi,Coahoma County,21.9334
Mississippi,Copiah County,41.083
Mississippi,Covington County,8.2011
Mississippi,DeSoto County,23.4947
Mississippi,Forrest County,42.0153
Mississippi,Franklin County,29.9059
Mississippi,George County,9.4473
Mississippi,Greene County,19.795
Mississippi,Grenada County,23.1351
Mississippi,Hancock County,41.054300000000005
Mississippi,Harrison County,25.0718
Mississippi,Hinds County,24.4491
Mississippi,Holmes County,39.7215
Mississippi,Humphreys County,52.6465
Mississippi,Itawamba County,19.271
Mississippi,Jackson County,23.97185
Mississippi,Jasper County,13.432500000000001
Mississippi,Jefferson County,41.8113
Mississippi,Jefferson Davis County,38.9501
Mississippi,Jones County,22.9358
Mississippi,Kemper County,71.6678
Mississippi,Lafayette County,38.6928
Mississippi,Lamar County,23.9227
Mississippi,Lauderdale County,41.3304
Mississippi,Lawrence County,18.8729
Mississippi,Leake County,37.9943
Mississippi,Lee County,20.619999999999997
Mississippi,Leflore County,77.077
Mississippi,Lincoln County,38.08045
Mississippi,Lowndes County,23.30705
Mississippi,Madison County,22.828
Mississippi,Marion County,38.7345
Mississippi,Marshall County,39.900000000000006
Mississippi,Monroe County,18.6135
Mississippi,Montgomery County,41.0673
Mississippi,Neshoba County,21.6524
Mississippi,Newton County,38.9409
Mississippi,Noxubee County,70.8946
Mississippi,Oktibbeha County,44.3819
Mississippi,Panola County,16.806250000000002
Mississippi,Pearl River County,7.5073
Mississippi,Perry County,40.5072
Mississippi,Pike County,39.9217
Mississippi,Pontotoc County,28.576150000000002
Mississippi,Prentiss County,19.3725
Mississippi,Quitman County,72.3534
Mississippi,Rankin County,22.971
Mississippi,Scott County,40.1847
Mississippi,Sharkey County,22.830800000000004
Mississippi,Simpson County,38.2981
Mississippi,Smith County,2.5886000000000005
Mississippi,Stone County,19.6853
Mississippi,Sunflower County,38.5602
Mississippi,Tallahatchie County,32.044250000000005
Mississippi,Tate County,41.4136
Mississippi,Tippah County,21.193350000000002
Mississippi,Tishomingo County,11.449300000000001
Mississippi,Tunica County,75.6489
Mississippi,Union County,19.2419
Mississippi,Walthall County,37.858
Mississippi,Warren County,23.79685
Mississippi,Washington County,50.3865
Mississippi,Wayne County,37.331149999999994
Mississippi,Webster County,9.5816
Mississippi,Wilkinson County,40.383900000000004
Mississippi,Winston County,40.7141
Mississippi,Yalobusha County,19.1397
Mississippi,Yazoo County,41.08245
Missouri,Adair County,22.4751
Missouri,Andrew County,9.950700000000001
Missouri,Atchison County,1.2792500000000002
Missouri,Audrain County,19.66
Missouri,Barry County,7.629000000000001
Missouri,Barton County,19.2504
Missouri,Bates County,6.7309
Missouri,Benton County,22.5172
Missouri,Bollinger County,19.0363
Missouri,Boone County,24.1814
Missouri,Buchanan County,24.2471
Missouri,Butler County,56.06175
Missouri,Caldwell County,38.6212
Missouri,Callaway County,18.54795
Missouri,Camden County,2.3612
Missouri,Cape Girardeau County,22.2771
Missouri,Carroll County,18.6245
Missouri,Carter County,36.15325
Missouri,Cass County,23.691699999999997
Missouri,Cedar County,40.4161
Missouri,Chariton County,1.8125
Missouri,Christian County,10.289850000000001
Missouri,Clark County,1.7840000000000005
Missouri,Clay County,23.4249
Missouri,Clinton County,4.0371500000000005
Missouri,Cole County,24.2787
Missouri,Cooper County,18.5603
Missouri,Crawford County,7.1951
Missouri,Dade County,24.28415
Missouri,Dallas County,70.5124
Missouri,Daviess County,19.316650000000003
Missouri,DeKalb County,19.5596
Missouri,Dent County,45.487300000000005
Missouri,Douglas County,41.0921
Missouri,Dunklin County,14.38565
Missouri,Franklin County,7.8667
Missouri,Gasconade County,1.2215
Missouri,Gentry County,13.1919
Missouri,Greene County,22.243949999999998
Missouri,Grundy County,21.514850000000003
Missouri,Harrison County,40.5883
Missouri,Henry County,31.0002
Missouri,Hickory County,7.0194
Missouri,Holt County,6.6832
Missouri,Howard County,1.535
Missouri,Howell County,37.902550000000005
Missouri,Iron County,38.73705
Missouri,Jackson County,23.0893
Missouri,Jasper County,24.195050000000002
Missouri,Jefferson County,23.41195
Missouri,Johnson County,36.8508
Missouri,Knox County,23.74155
Missouri,Laclede County,41.50735
Missouri,Lafayette County,18.321700000000003
Missouri,Lawrence County,24.2292
Missouri,Lewis County,10.51345
Missouri,Lincoln County,2.539
Missouri,Linn County,5.98
Missouri,Livingston County,20.035500000000003
Missouri,Macon County,24.3282
Missouri,Madison County,40.2947
Missouri,Maries County,7.0227
Missouri,Marion County,29.564600000000002
Missouri,McDonald County,29.4361
Missouri,Mercer County,25.14425
Missouri,Miller County,7.5902
Missouri,Mississippi County,14.585849999999999
Missouri,Moniteau County,18.9835
Missouri,Monroe County,6.5587
Missouri,Montgomery County,12.9276
Missouri,Morgan County,38.1004
Missouri,New Madrid County,20.499499999999998
Missouri,Newton County,20.4134
Missouri,Nodaway County,40.6157
Missouri,Oregon County,40.8842
Missouri,Osage County,18.035850000000003
Missouri,Ozark County,56.361149999999995
Missouri,Pemiscot County,29.2297
Missouri,Perry County,8.1122
Missouri,Pettis County,26.948600000000003
Missouri,Phelps County,13.582
Missouri,Pike County,19.4784
Missouri,Platte County,23.28295
Missouri,Polk County,19.600450000000002
Missouri,Pulaski County,37.7447
Missouri,Putnam County,13.25395
Missouri,Ralls County,1.3523
Missouri,Randolph County,13.040950000000002
Missouri,Ray County,19.662300000000002
Missouri,Reynolds County,13.2348
Missouri,Ripley County,38.471000000000004
Missouri,Saline County,19.44585
Missouri,Schuyler County,40.03655
Missouri,Scotland County,4.39715
Missouri,Scott County,32.35865
Missouri,Shannon County,39.89205
Missouri,Shelby County,18.368
Missouri,St. Charles County,23.2056
Missouri,St. Clair County,7.0882
Missouri,St. Francois County,37.5336
Missouri,St. Louis County,23.4108
Missouri,St. Louis city,24.71035
Missouri,Ste. Genevieve County,18.9146
Missouri,Stoddard County,7.1886
Missouri,Stone County,4.4415000000000004
Missouri,Sullivan County,39.5579
Missouri,Taney County,39.19135
Missouri,Texas County,54.51455
Missouri,Vernon County,39.990700000000004
Missouri,Warren County,7.4836
Missouri,Washington County,39.8359
Missouri,Wayne County,39.777150000000006
Missouri,Webster County,6.88135
Missouri,Wright County,39.10185
Montana,Beaverhead County,20.881
Montana,Big Horn County,41.5894
Montana,Blaine County,8.45255
Montana,Broadwater County,9.7106
Montana,Carbon County,1.4754
Montana,Cascade County,20.906
Montana,Chouteau County,44.31565
Montana,Custer County,18.89995
Montana,Dawson County,24.069
Montana,Deer Lodge County,20.676
Montana,Fergus County,55.984300000000005
Montana,Flathead County,7.4243
Montana,Gallatin County,7.21785
Montana,Glacier County,61.13334999999999
Montana,Hill County,23.84505
Montana,Jefferson County,1.853
Montana,Lake County,7.5349
Montana,Lewis and Clark County,13.203850000000001
Montana,Lincoln County,7.9221
Montana,Madison County,18.1903
Montana,Mineral County,38.17614999999999
Montana,Missoula County,20.5589
Montana,Musselshell County,23.8019
Montana,Park County,29.21665
Montana,Pondera County,21.47765
Montana,Powell County,10.086350000000001
Montana,Ravalli County,4.61535
Montana,Richland County,27.197049999999997
Montana,Roosevelt County,31.6378
Montana,Rosebud County,10.1448
Montana,Sanders County,8.2881
Montana,Sheridan County,9.894200000000001
Montana,Silver Bow County,22.279700000000002
Montana,Stillwater County,17.6522
Montana,Teton County,18.5409
Montana,Toole County,22.5619
Montana,Valley County,18.5763
Montana,Yellowstone County,21.85975
Nebraska,Adams County,19.7821
Nebraska,Antelope County,6.3881000000000006
Nebraska,Boone County,9.47025
Nebraska,Box Butte County,18.4059
Nebraska,Buffalo County,23.8674
Nebraska,Burt County,1.3868
Nebraska,Butler County,8.481
Nebraska,Cass County,18.159950000000002
Nebraska,Cedar County,9.977599999999999
Nebraska,Cherry County,25.27565
Nebraska,Cheyenne County,8.9144
Nebraska,Clay County,10.092099999999999
Nebraska,Colfax County,18.0425
Nebraska,Cuming County,1.4351
Nebraska,Custer County,29.7088
Nebraska,Dakota County,48.9627
Nebraska,Dawes County,37.3891
Nebraska,Dawson County,19.9588
Nebraska,Dixon County,18.775
Nebraska,Dodge County,19.7727
Nebraska,Douglas County,19.9315
Nebraska,Fillmore County,9.944500000000001
Nebraska,Franklin County,12.661249999999999
Nebraska,Gage County,18.1521
Nebraska,Hall County,20.806350000000002
Nebraska,Hamilton County,1.0682
Nebraska,Holt County,18.52545
Nebraska,Howard County,9.903699999999999
Nebraska,Jefferson County,20.4818
Nebraska,Johnson County,12.30085
Nebraska,Kearney County,5.0344500000000005
Nebraska,Keith County,18.317500000000003
Nebraska,Knox County,1.5106000000000002
Nebraska,Lancaster County,22.566850000000002
Nebraska,Lincoln County,27.1689
Nebraska,Madison County,24.1889
Nebraska,Merrick County,18.3247
Nebraska,Nemaha County,5.2224
Nebraska,Nuckolls County,12.57
Nebraska,Otoe County,18.5328
Nebraska,Phelps County,18.2071
Nebraska,Pierce County,18.3733
Nebraska,Platte County,18.2437
Nebraska,Polk County,1.0003000000000002
Nebraska,Red Willow County,41.5018
Nebraska,Richardson County,18.7908
Nebraska,Saline County,18.1736
Nebraska,Sarpy County,23.1003
Nebraska,Saunders County,18.5785
Nebraska,Scotts Bluff County,7.8113
Nebraska,Seward County,4.963150000000001
Nebraska,Sheridan County,13.288450000000001
Nebraska,Stanton County,1.20145
Nebraska,Thayer County,9.736400000000001
Nebraska,Thurston County,23.137
Nebraska,Valley County,1.228
Nebraska,Washington County,1.2435
Nebraska,Wayne County,19.55975
Nebraska,Webster County,12.430599999999998
Nebraska,York County,12.671000000000001
Nevada,Carson City,20.5578
Nevada,Churchill County,7.1991000000000005
Nevada,Clark County,19.472700000000003
Nevada,Douglas County,8.65045
Nevada,Elko County,9.10925
Nevada,Humboldt County,20.6802
Nevada,Lincoln County,18.157249999999998
Nevada,Lyon County,22.09035
Nevada,Mineral County,42.1636
Nevada,Nye County,49.8829
Nevada,Washoe County,23.187350000000002
Nevada,White Pine County,17.7182
New Hampshire,Belknap County,2.062
New Hampshire,Carroll County,6.2854
New Hampshire,Cheshire County,13.30355
New Hampshire,Coos County,6.7158
New Hampshire,Grafton County,18.2638
New Hampshire,Hillsborough County,23.1665
New Hampshire,Merrimack County,1.6396000000000002
New Hampshire,Rockingham County,23.1199
New Hampshire,Strafford County,23.2527
New Hampshire,Sullivan County,27.93175
New Jersey,Atlantic County,22.7417
New Jersey,Bergen County,8.5077
New Jersey,Burlington County,23.18455
New Jersey,Camden County,20.9403
New Jersey,Cape May County,23.1231
New Jersey,Cumberland County,21.253
New Jersey,Essex County,8.282150000000001
New Jersey,Gloucester County,23.37
New Jersey,Hudson County,7.367999999999999
New Jersey,Hunterdon County,1.06995
New Jersey,Mercer County,23.2622
New Jersey,Middlesex County,19.8218
New Jersey,Monmouth County,23.2285
New Jersey,Morris County,23.1334
New Jersey,Ocean County,23.5217
New Jersey,Passaic County,20.667299999999997
New Jersey,Salem County,14.19435
New Jersey,Somerset County,23.08105
New Jersey,Sussex County,19.3908
New Jersey,Union County,14.180150000000001
New Jersey,Warren County,23.5023
New Mexico,Bernalillo County,22.1795
New Mexico,Chaves County,22.5334
New Mexico,Cibola County,38.1193
New Mexico,Colfax County,38.3847
New Mexico,Curry County,24.10595
New Mexico,Doa Ana County,39.6419
New Mexico,Eddy County,22.34065
New Mexico,Grant County,25.3334
New Mexico,Hidalgo County,39.2097
New Mexico,Lea County,21.96385
New Mexico,Lincoln County,24.4548
New Mexico,Los Alamos County,23.318800000000003
New Mexico,Luna County,66.29554999999999
New Mexico,McKinley County,71.9597
New Mexico,Otero County,21.27565
New Mexico,Quay County,50.4643
New Mexico,Rio Arriba County,35.5888
New Mexico,Roosevelt County,24.45
New Mexico,San Juan County,24.2716
New Mexico,San Miguel County,69.6595
New Mexico,Sandoval County,24.2925
New Mexico,Santa Fe County,8.864450000000001
New Mexico,Sierra County,54.102450000000005
New Mexico,Socorro County,50.8111
New Mexico,Taos County,41.01405
New Mexico,Torrance County,39.043600000000005
New Mexico,Valencia County,24.3356
New York,Albany County,23.2163
New York,Allegany County,19.9321
New York,Bronx County,8.4545
New York,Broome County,21.8781
New York,Cattaraugus County,18.2876
New York,Cayuga County,1.7763
New York,Chautauqua County,21.0322
New York,Chemung County,21.4409
New York,Chenango County,7.14725
New York,Clinton County,19.4346
New York,Columbia County,1.641
New York,Cortland County,8.541350000000001
New York,Delaware County,6.91005
New York,Dutchess County,23.161700000000003
New York,Erie County,23.33565
New York,Essex County,6.055400000000001
New York,Franklin County,24.346
New York,Fulton County,8.335600000000001
New York,Genesee County,8.6227
New York,Greene County,6.5893
New York,Hamilton County,11.970650000000001
New York,Herkimer County,18.8938
New York,Jefferson County,19.0044
New York,Kings County,7.15585
New York,Lewis County,39.6975
New York,Livingston County,19.4022
New York,Madison County,1.8402000000000003
New York,Monroe County,23.5058
New York,Montgomery County,43.053799999999995
New York,Nassau County,8.1526
New York,New York County,1.9537500000000003
New York,Niagara County,21.30955
New York,Oneida County,19.2093
New York,Onondaga County,23.1603
New York,Ontario County,8.9519
New York,Orange County,23.1883
New York,Orleans County,36.77105
New York,Oswego County,19.7245
New York,Otsego County,36.48950000000001
New York,Putnam County,23.269
New York,Queens County,6.21175
New York,Rensselaer County,23.1348
New York,Richmond County,8.3696
New York,Rockland County,23.294
New York,Saratoga County,8.82415
New York,Schenectady County,23.3503
New York,Schoharie County,7.1511499999999995
New York,Schuyler County,1.8507
New York,Seneca County,8.972649999999998
New York,St. Lawrence County,25.0251
New York,Steuben County,13.311
New York,Suffolk County,23.15515
New York,Sullivan County,1.9566999999999999
New York,Tioga County,6.753450000000001
New York,Tompkins County,19.8033
New York,Ulster County,19.3819
New York,Warren County,23.611500000000003
New York,Washington County,1.4842000000000002
New York,Wayne County,6.7713
New York,Westchester County,8.2625
New York,Wyoming County,18.2164
New York,Yates County,19.8124
North Carolina,Alamance County,23.39935
North Carolina,Alexander County,7.388199999999999
North Carolina,Alleghany County,7.5779
North Carolina,Anson County,28.446450000000002
North Carolina,Ashe County,28.76365
North Carolina,Avery County,6.573
North Carolina,Beaufort County,19.2023
North Carolina,Bertie County,70.6472
North Carolina,Bladen County,55.095600000000005
North Carolina,Brunswick County,8.56345
North Carolina,Buncombe County,21.4207
North Carolina,Burke County,20.183500000000002
North Carolina,Cabarrus County,23.4167
North Carolina,Caldwell County,23.868
North Carolina,Camden County,1.609
North Carolina,Carteret County,19.196800000000003
North Carolina,Caswell County,28.99275
North Carolina,Catawba County,24.1315
North Carolina,Chatham County,19.6866
North Carolina,Cherokee County,7.427099999999999
North Carolina,Chowan County,36.9934
North Carolina,Clay County,37.094350000000006
North Carolina,Cleveland County,24.5663
North Carolina,Columbus County,37.0998
North Carolina,Craven County,23.4624
North Carolina,Cumberland County,26.9285
North Carolina,Currituck County,1.6648
North Carolina,Dare County,23.3475
North Carolina,Davidson County,20.5208
North Carolina,Davie County,24.2759
North Carolina,Duplin County,37.344100000000005
North Carolina,Durham County,23.81935
North Carolina,Edgecombe County,13.914250000000001
North Carolina,Forsyth County,23.9412
North Carolina,Franklin County,21.88975
North Carolina,Gaston County,23.4997
North Carolina,Gates County,37.3339
North Carolina,Graham County,6.4697
North Carolina,Granville County,18.3206
North Carolina,Greene County,37.4561
North Carolina,Guilford County,23.37115
North Carolina,Halifax County,38.39095
North Carolina,Harnett County,8.2779
North Carolina,Haywood County,5.48175
North Carolina,Henderson County,9.073350000000001
North Carolina,Hertford County,38.415600000000005
North Carolina,Hoke County,22.96265
North Carolina,Iredell County,8.67245
North Carolina,Jackson County,7.3835
North Carolina,Johnston County,7.5995
North Carolina,Jones County,8.0576
North Carolina,Lee County,24.0992
North Carolina,Lenoir County,37.3589
North Carolina,Lincoln County,7.987400000000001
North Carolina,Macon County,6.6584
North Carolina,Madison County,13.80485
North Carolina,Martin County,36.53685
North Carolina,McDowell County,13.60515
North Carolina,Mecklenburg County,23.0623
North Carolina,Mitchell County,19.425
North Carolina,Montgomery County,7.818849999999999
North Carolina,Moore County,21.44435
North Carolina,Nash County,23.930349999999997
North Carolina,New Hanover County,24.06075
North Carolina,Northampton County,37.5238
North Carolina,Onslow County,24.344
North Carolina,Orange County,19.810650000000003
North Carolina,Pamlico County,1.459
North Carolina,Pasquotank County,30.327650000000002
North Carolina,Pender County,7.4202
North Carolina,Perquimans County,37.0553
North Carolina,Person County,38.1633
North Carolina,Pitt County,24.3477
North Carolina,Polk County,1.7697000000000005
North Carolina,Randolph County,20.74275
North Carolina,Richmond County,38.1174
North Carolina,Robeson County,37.6198
North Carolina,Rockingham County,8.556600000000001
North Carolina,Rowan County,16.07965
North Carolina,Rutherford County,7.651
North Carolina,Sampson County,38.2069
North Carolina,Scotland County,51.1886
North Carolina,Stanly County,1.9154
North Carolina,Stokes County,2.4432
North Carolina,Surry County,7.2955
North Carolina,Swain County,7.21195
North Carolina,Transylvania County,24.7535
North Carolina,Union County,23.268
North Carolina,Vance County,30.7422
North Carolina,Wake County,23.0955
North Carolina,Warren County,28.673650000000002
North Carolina,Washington County,37.7369
North Carolina,Watauga County,2.2004
North Carolina,Wayne County,31.235300000000002
North Carolina,Wilkes County,14.138449999999999
North Carolina,Wilson County,11.5062
North Carolina,Yadkin County,19.7766
North Carolina,Yancey County,7.5017
North Dakota,Barnes County,22.6301
North Dakota,Benson County,25.092100000000002
North Dakota,Bottineau County,18.4479
North Dakota,Bowman County,9.53255
North Dakota,Burleigh County,23.5832
North Dakota,Cass County,20.0867
North Dakota,Cavalier County,9.83465
North Dakota,Dickey County,0.9318
North Dakota,Grand Forks County,22.16715
North Dakota,Hettinger County,50.08385
North Dakota,LaMoure County,18.58195
North Dakota,McHenry County,31.64975
North Dakota,McKenzie County,18.28655
North Dakota,McLean County,25.1031
North Dakota,Mercer County,18.3429
North Dakota,Morton County,18.3543
North Dakota,Mountrail County,1.6802
North Dakota,Pembina County,1.3167000000000002
North Dakota,Pierce County,4.622850000000001
North Dakota,Ramsey County,24.3443
North Dakota,Ransom County,0.7958000000000001
North Dakota,Richland County,17.9337
North Dakota,Rolette County,38.6
North Dakota,Sargent County,0.55645
North Dakota,Sioux County,25.42265
North Dakota,Stark County,17.96445
North Dakota,Stutsman County,25.81605
North Dakota,Traill County,1.22585
North Dakota,Walsh County,13.421800000000001
North Dakota,Ward County,18.2613
North Dakota,Wells County,16.12035
North Dakota,Williams County,17.8934
Ohio,Adams County,38.28795
Ohio,Allen County,21.171
Ohio,Ashland County,7.528300000000001
Ohio,Ashtabula County,37.1196
Ohio,Athens County,37.7781
Ohio,Auglaize County,1.8142000000000005
Ohio,Belmont County,23.502699999999997
Ohio,Brown County,7.287299999999999
Ohio,Butler County,23.9193
Ohio,Carroll County,6.555300000000001
Ohio,Champaign County,1.35875
Ohio,Clark County,23.358150000000002
Ohio,Clermont County,23.5212
Ohio,Clinton County,24.4184
Ohio,Columbiana County,21.931200000000004
Ohio,Coshocton County,21.645699999999998
Ohio,Crawford County,23.9748
Ohio,Cuyahoga County,21.43465
Ohio,Darke County,1.5466000000000002
Ohio,Defiance County,23.9381
Ohio,Delaware County,23.2847
Ohio,Erie County,23.38125
Ohio,Fairfield County,13.77085
Ohio,Fayette County,20.2238
Ohio,Franklin County,23.104149999999997
Ohio,Fulton County,1.7340000000000002
Ohio,Gallia County,20.5812
Ohio,Geauga County,19.2037
Ohio,Greene County,23.3833
Ohio,Guernsey County,36.7064
Ohio,Hamilton County,23.80395
Ohio,Hancock County,19.2525
Ohio,Hardin County,20.1889
Ohio,Harrison County,37.3225
Ohio,Henry County,1.5869000000000002
Ohio,Highland County,19.7245
Ohio,Hocking County,7.3779
Ohio,Holmes County,19.616750000000003
Ohio,Huron County,20.3914
Ohio,Jackson County,8.3029
Ohio,Jefferson County,23.9326
Ohio,Knox County,22.02535
Ohio,Lake County,23.40445
Ohio,Lawrence County,20.764899999999997
Ohio,Licking County,23.8724
Ohio,Logan County,2.1113
Ohio,Lorain County,23.2269
Ohio,Lucas County,23.2925
Ohio,Madison County,13.1258
Ohio,Mahoning County,23.402900000000002
Ohio,Marion County,33.27565
Ohio,Medina County,19.5357
Ohio,Meigs County,40.45585
Ohio,Mercer County,18.9169
Ohio,Miami County,20.6855
Ohio,Monroe County,13.386899999999999
Ohio,Montgomery County,23.55125
Ohio,Morgan County,39.12755
Ohio,Morrow County,10.875499999999999
Ohio,Muskingum County,20.4889
Ohio,Noble County,40.3451
Ohio,Ottawa County,1.835
Ohio,Paulding County,18.591900000000003
Ohio,Perry County,22.68195
Ohio,Pickaway County,1.8055000000000003
Ohio,Pike County,30.897050000000004
Ohio,Portage County,23.7112
Ohio,Preble County,1.83485
Ohio,Putnam County,1.0504
Ohio,Richland County,23.9225
Ohio,Ross County,21.5281
Ohio,Sandusky County,8.4588
Ohio,Scioto County,23.3525
Ohio,Seneca County,20.66355
Ohio,Shelby County,1.5532
Ohio,Stark County,23.45155
Ohio,Summit County,23.5044
Ohio,Trumbull County,23.5249
Ohio,Tuscarawas County,19.0098
Ohio,Union County,10.028799999999999
Ohio,Van Wert County,9.0511
Ohio,Vinton County,37.7312
Ohio,Warren County,23.579
Ohio,Washington County,20.084850000000003
Ohio,Wayne County,8.638
Ohio,Williams County,1.7896
Ohio,Wood County,8.2835
Ohio,Wyandot County,3.8935500000000003
Oklahoma,Adair County,8.5506
Oklahoma,Alfalfa County,18.1835
Oklahoma,Atoka County,39.9963
Oklahoma,Beaver County,18.5898
Oklahoma,Beckham County,25.061300000000003
Oklahoma,Blaine County,24.2624
Oklahoma,Bryan County,19.4822
Oklahoma,Caddo County,13.558050000000001
Oklahoma,Canadian County,21.5978
Oklahoma,Carter County,19.2311
Oklahoma,Cherokee County,19.6788
Oklahoma,Choctaw County,40.8096
Oklahoma,Cimarron County,10.37875
Oklahoma,Cleveland County,21.22415
Oklahoma,Coal County,39.151250000000005
Oklahoma,Comanche County,21.17715
Oklahoma,Cotton County,13.28465
Oklahoma,Craig County,20.477400000000003
Oklahoma,Creek County,6.6819
Oklahoma,Custer County,40.6056
Oklahoma,Delaware County,7.734199999999999
Oklahoma,Dewey County,32.1203
Oklahoma,Ellis County,29.512549999999997
Oklahoma,Garfield County,20.63285
Oklahoma,Garvin County,7.353000000000001
Oklahoma,Grady County,20.1305
Oklahoma,Grant County,18.376350000000002
Oklahoma,Greer County,26.15195
Oklahoma,Harper County,9.80425
Oklahoma,Haskell County,19.113400000000002
Oklahoma,Hughes County,9.2054
Oklahoma,Jackson County,23.4906
Oklahoma,Jefferson County,7.673500000000001
Oklahoma,Johnston County,19.08
Oklahoma,Kay County,24.5197
Oklahoma,Kingfisher County,18.19915
Oklahoma,Kiowa County,19.4468
Oklahoma,Latimer County,18.882
Oklahoma,Le Flore County,37.45845
Oklahoma,Lincoln County,19.6582
Oklahoma,Logan County,24.136450000000004
Oklahoma,Love County,7.5465
Oklahoma,Major County,1.3992
Oklahoma,Marshall County,13.0073
Oklahoma,Mayes County,7.632000000000001
Oklahoma,McClain County,12.50695
Oklahoma,McCurtain County,45.0603
Oklahoma,McIntosh County,39.48895
Oklahoma,Murray County,2.1535
Oklahoma,Muskogee County,30.63715
Oklahoma,Noble County,19.022199999999998
Oklahoma,Nowata County,20.900199999999998
Oklahoma,Okfuskee County,20.379649999999998
Oklahoma,Oklahoma County,20.9195
Oklahoma,Okmulgee County,13.504249999999999
Oklahoma,Osage County,19.1626
Oklahoma,Ottawa County,20.8733
Oklahoma,Pawnee County,7.2917
Oklahoma,Payne County,22.3908
Oklahoma,Pittsburg County,19.4225
Oklahoma,Pontotoc County,18.951700000000002
Oklahoma,Pottawatomie County,20.258850000000002
Oklahoma,Pushmataha County,37.7392
Oklahoma,Rogers County,1.754
Oklahoma,Seminole County,20.3701
Oklahoma,Sequoyah County,40.7558
Oklahoma,Stephens County,19.3536
Oklahoma,Texas County,19.1215
Oklahoma,Tillman County,21.016
Oklahoma,Tulsa County,21.579500000000003
Oklahoma,Wagoner County,22.92185
Oklahoma,Washington County,23.3418
Oklahoma,Washita County,18.92505
Oklahoma,Woods County,18.6761
Oklahoma,Woodward County,18.5112
Oregon,Baker County,31.23355
Oregon,Benton County,23.4332
Oregon,Clackamas County,20.217550000000003
Oregon,Clatsop County,8.7893
Oregon,Columbia County,13.622050000000002
Oregon,Coos County,24.0894
Oregon,Crook County,29.937200000000004
Oregon,Curry County,19.5453
Oregon,Deschutes County,22.3166
Oregon,Douglas County,37.8072
Oregon,Grant County,54.85225
Oregon,Harney County,40.8411
Oregon,Hood River County,5.55175
Oregon,Jackson County,23.7445
Oregon,Jefferson County,14.0043
Oregon,Josephine County,41.094300000000004
Oregon,Klamath County,23.95305
Oregon,Lake County,38.29475
Oregon,Lane County,21.15685
Oregon,Lincoln County,20.5676
Oregon,Linn County,24.332400000000003
Oregon,Malheur County,7.5679
Oregon,Marion County,20.897100000000002
Oregon,Morrow County,1.93865
Oregon,Multnomah County,8.939400000000001
Oregon,Polk County,22.316699999999997
Oregon,Tillamook County,6.86275
Oregon,Umatilla County,23.7974
Oregon,Union County,22.971249999999998
Oregon,Wallowa County,1.5977000000000003
Oregon,Wasco County,20.3617
Oregon,Washington County,19.78725
Oregon,Yamhill County,20.736
Pennsylvania,Adams County,1.7275
Pennsylvania,Allegheny County,23.2046
Pennsylvania,Armstrong County,6.5244
Pennsylvania,Beaver County,23.1322
Pennsylvania,Bedford County,24.3795
Pennsylvania,Berks County,9.457
Pennsylvania,Blair County,19.31095
Pennsylvania,Bradford County,12.62515
Pennsylvania,Bucks County,23.02455
Pennsylvania,Butler County,19.20205
Pennsylvania,Cambria County,20.90355
Pennsylvania,Cameron County,13.434249999999999
Pennsylvania,Carbon County,13.47165
Pennsylvania,Centre County,19.518700000000003
Pennsylvania,Chester County,23.194200000000002
Pennsylvania,Clarion County,36.5718
Pennsylvania,Clearfield County,24.278750000000002
Pennsylvania,Clinton County,23.8174
Pennsylvania,Columbia County,19.4018
Pennsylvania,Crawford County,19.9798
Pennsylvania,Cumberland County,23.0763
Pennsylvania,Dauphin County,23.5724
Pennsylvania,Delaware County,19.9233
Pennsylvania,Elk County,6.4679
Pennsylvania,Erie County,24.2145
Pennsylvania,Fayette County,23.69865
Pennsylvania,Forest County,39.756
Pennsylvania,Franklin County,19.8825
Pennsylvania,Fulton County,36.5396
Pennsylvania,Greene County,23.4595
Pennsylvania,Huntingdon County,6.6160499999999995
Pennsylvania,Indiana County,14.3373
Pennsylvania,Jefferson County,19.7372
Pennsylvania,Juniata County,19.9125
Pennsylvania,Lackawanna County,20.1884
Pennsylvania,Lancaster County,22.53505
Pennsylvania,Lawrence County,22.1262
Pennsylvania,Lebanon County,19.8476
Pennsylvania,Lehigh County,19.81105
Pennsylvania,Luzerne County,20.66795
Pennsylvania,Lycoming County,20.3534
Pennsylvania,McKean County,6.859999999999999
Pennsylvania,Mercer County,21.467100000000002
Pennsylvania,Mifflin County,36.630300000000005
Pennsylvania,Monroe County,2.0389
Pennsylvania,Montgomery County,22.9924
Pennsylvania,Montour County,20.158450000000002
Pennsylvania,Northampton County,23.1731
Pennsylvania,Northumberland County,8.382750000000001
Pennsylvania,Perry County,1.46395
Pennsylvania,Philadelphia County,9.122000000000002
Pennsylvania,Pike County,6.0717
Pennsylvania,Potter County,7.0484
Pennsylvania,Schuylkill County,14.39315
Pennsylvania,Snyder County,13.457699999999999
Pennsylvania,Somerset County,7.0327
Pennsylvania,Sullivan County,12.7314
Pennsylvania,Susquehanna County,18.7321
Pennsylvania,Tioga County,12.89045
Pennsylvania,Union County,19.526400000000002
Pennsylvania,Venango County,13.685849999999999
Pennsylvania,Warren County,7.663699999999999
Pennsylvania,Washington County,19.8476
Pennsylvania,Wayne County,1.5838000000000003
Pennsylvania,Westmoreland County,23.29255
Pennsylvania,Wyoming County,1.4812
Pennsylvania,York County,22.624200000000002
Rhode Island,Bristol County,23.553700000000003
Rhode Island,Kent County,23.5601
Rhode Island,Newport County,23.2683
Rhode Island,Providence County,23.2609
Rhode Island,Washington County,23.23625
South Carolina,Abbeville County,37.750150000000005
South Carolina,Aiken County,24.40335
South Carolina,Allendale County,37.95
South Carolina,Anderson County,23.7112
South Carolina,Bamberg County,22.69585
South Carolina,Barnwell County,38.8746
South Carolina,Beaufort County,23.5477
South Carolina,Berkeley County,23.37095
South Carolina,Calhoun County,20.4022
South Carolina,Charleston County,22.9324
South Carolina,Cherokee County,37.1713
South Carolina,Chester County,7.9642
South Carolina,Chesterfield County,38.20775
South Carolina,Clarendon County,18.9237
South Carolina,Colleton County,41.0255
South Carolina,Darlington County,29.01655
South Carolina,Dillon County,39.37565
South Carolina,Dorchester County,23.7166
South Carolina,Edgefield County,10.484
South Carolina,Fairfield County,40.8056
South Carolina,Florence County,26.7556
South Carolina,Georgetown County,23.63645
South Carolina,Greenville County,23.5371
South Carolina,Greenwood County,24.29
South Carolina,Hampton County,7.919
South Carolina,Horry County,8.6701
South Carolina,Jasper County,38.19255
South Carolina,Kershaw County,24.4099
South Carolina,Lancaster County,23.8928
South Carolina,Laurens County,7.827800000000001
South Carolina,Lee County,23.721
South Carolina,Lexington County,22.9359
South Carolina,Marion County,37.7649
South Carolina,Marlboro County,36.8887
South Carolina,McCormick County,19.9418
South Carolina,Newberry County,13.587299999999999
South Carolina,Oconee County,19.5445
South Carolina,Orangeburg County,38.63615
South Carolina,Pickens County,31.03895
South Carolina,Richland County,24.4175
South Carolina,Saluda County,7.125900000000001
South Carolina,Spartanburg County,24.0722
South Carolina,Sumter County,24.2633
South Carolina,Union County,19.7137
South Carolina,Williamsburg County,37.3598
South Carolina,York County,23.56745
South Dakota,Beadle County,20.146
South Dakota,Bennett County,25.206550000000004
South Dakota,Bon Homme County,18.6535
South Dakota,Brookings County,32.91745
South Dakota,Brown County,26.0169
South Dakota,Brule County,23.66275
South Dakota,Butte County,40.695499999999996
South Dakota,Charles Mix County,8.4942
South Dakota,Clay County,23.062400000000004
South Dakota,Codington County,20.4645
South Dakota,Corson County,26.2175
South Dakota,Custer County,10.2658
South Dakota,Davison County,21.4893
South Dakota,Day County,19.1882
South Dakota,Deuel County,9.7232
South Dakota,Dewey County,46.20505
South Dakota,Edmunds County,18.02855
South Dakota,Fall River County,46.8447
South Dakota,Grant County,9.7978
South Dakota,Gregory County,10.228550000000002
South Dakota,Hamlin County,18.120150000000002
South Dakota,Hand County,9.71155
South Dakota,Hughes County,24.353299999999997
South Dakota,Hutchinson County,1.2414
South Dakota,Jackson County,25.89155
South Dakota,Kingsbury County,9.8124
South Dakota,Lake County,17.9453
South Dakota,Lawrence County,8.9757
South Dakota,Lincoln County,0.9693
South Dakota,Lyman County,20.46275
South Dakota,McCook County,18.4709
South Dakota,Meade County,24.056800000000003
South Dakota,Minnehaha County,20.15955
South Dakota,Moody County,10.4343
South Dakota,Oglala Lakota County,18.4422
South Dakota,Pennington County,23.5388
South Dakota,Roberts County,18.455599999999997
South Dakota,Spink County,18.421
South Dakota,Todd County,74.28559999999999
South Dakota,Tripp County,19.9872
South Dakota,Turner County,1.48235
South Dakota,Union County,1.1057
South Dakota,Walworth County,13.501900000000001
South Dakota,Yankton County,18.2607
Tennessee,Anderson County,20.7411
Tennessee,Bedford County,17.9072
Tennessee,Benton County,37.6126
Tennessee,Bledsoe County,7.566000000000001
Tennessee,Blount County,7.5479
Tennessee,Bradley County,24.3238
Tennessee,Campbell County,37.9099
Tennessee,Cannon County,7.415900000000001
Tennessee,Carroll County,37.0947
Tennessee,Carter County,49.62670000000001
Tennessee,Cheatham County,2.0279
Tennessee,Chester County,19.277
Tennessee,Claiborne County,8.123999999999999
Tennessee,Clay County,8.053049999999999
Tennessee,Cocke County,38.4171
Tennessee,Coffee County,6.92975
Tennessee,Crockett County,7.1555
Tennessee,Cumberland County,21.43875
Tennessee,Davidson County,23.3246
Tennessee,DeKalb County,4.85065
Tennessee,Decatur County,4.6216
Tennessee,Dickson County,13.5724
Tennessee,Dyer County,4.6647
Tennessee,Fayette County,1.9797
Tennessee,Fentress County,37.502700000000004
Tennessee,Franklin County,7.9754
Tennessee,Gibson County,1.9003
Tennessee,Giles County,1.87205
Tennessee,Grainger County,7.4257
Tennessee,Greene County,19.207600000000003
Tennessee,Grundy County,23.028299999999998
Tennessee,Hamblen County,36.994749999999996
Tennessee,Hamilton County,23.9603
Tennessee,Hancock County,22.75595
Tennessee,Hardeman County,28.25785
Tennessee,Hardin County,19.0338
Tennessee,Hawkins County,20.4341
Tennessee,Haywood County,19.90575
Tennessee,Henderson County,13.48725
Tennessee,Henry County,40.6096
Tennessee,Hickman County,14.05195
Tennessee,Houston County,1.6003
Tennessee,Humphreys County,24.4299
Tennessee,Jackson County,4.6571
Tennessee,Jefferson County,2.2591
Tennessee,Johnson County,38.0843
Tennessee,Knox County,23.566000000000003
Tennessee,Lake County,38.071600000000004
Tennessee,Lauderdale County,7.1738
Tennessee,Lawrence County,2.0977
Tennessee,Lewis County,43.85305
Tennessee,Lincoln County,18.3316
Tennessee,Loudon County,2.0232
Tennessee,Macon County,19.8746
Tennessee,Madison County,24.8361
Tennessee,Marion County,10.977300000000001
Tennessee,Marshall County,21.6521
Tennessee,Maury County,21.1653
Tennessee,McMinn County,13.46345
Tennessee,McNairy County,7.6391
Tennessee,Meigs County,2.1931000000000003
Tennessee,Monroe County,7.9392
Tennessee,Montgomery County,23.925500000000003
Tennessee,Moore County,1.0731000000000002
Tennessee,Morgan County,19.200100000000003
Tennessee,Obion County,6.9113500000000005
Tennessee,Overton County,7.1618
Tennessee,Perry County,25.130750000000003
Tennessee,Polk County,2.1126
Tennessee,Putnam County,24.6362
Tennessee,Rhea County,13.60115
Tennessee,Roane County,10.81985
Tennessee,Robertson County,5.4086
Tennessee,Rutherford County,22.1714
Tennessee,Scott County,7.6
Tennessee,Sequatchie County,7.317399999999999
Tennessee,Sevier County,7.55155
Tennessee,Shelby County,24.3337
Tennessee,Smith County,7.049600000000001
Tennessee,Stewart County,7.3847
Tennessee,Sullivan County,23.888
Tennessee,Sumner County,7.4590499999999995
Tennessee,Tipton County,2.2298
Tennessee,Trousdale County,4.5085
Tennessee,Unicoi County,20.3275
Tennessee,Union County,7.55015
Tennessee,Van Buren County,4.6774
Tennessee,Warren County,8.8213
Tennessee,Washington County,24.1035
Tennessee,Wayne County,28.2581
Tennessee,Weakley County,24.5704
Tennessee,White County,24.397100000000002
Tennessee,Williamson County,22.9934
Tennessee,Wilson County,23.1894
Texas,Anderson County,21.0046
Texas,Andrews County,12.575099999999999
Texas,Angelina County,24.0599
Texas,Aransas County,7.7963
Texas,Archer County,18.698
Texas,Atascosa County,37.7307
Texas,Austin County,4.2668
Texas,Bandera County,18.4247
Texas,Bastrop County,27.5952
Texas,Bee County,24.0928
Texas,Bell County,24.1042
Texas,Bexar County,23.8224
Texas,Blanco County,21.59485
Texas,Bosque County,9.4392
Texas,Bowie County,23.940649999999998
Texas,Brazoria County,20.26195
Texas,Brazos County,24.0611
Texas,Brewster County,24.0495
Texas,Brooks County,45.32115
Texas,Brown County,23.108249999999998
Texas,Burleson County,7.1013
Texas,Burnet County,18.39725
Texas,Caldwell County,33.16165
Texas,Calhoun County,24.0755
Texas,Callahan County,18.8543
Texas,Cameron County,25.1977
Texas,Camp County,7.436100000000001
Texas,Carson County,9.6141
Texas,Cass County,37.1311
Texas,Castro County,17.776699999999998
Texas,Chambers County,7.599
Texas,Cherokee County,24.131349999999998
Texas,Childress County,40.347049999999996
Texas,Clay County,18.8983
Texas,Coke County,50.730999999999995
Texas,Coleman County,40.5625
Texas,Collin County,8.8356
Texas,Colorado County,18.706200000000003
Texas,Comal County,4.509399999999999
Texas,Comanche County,18.675150000000002
Texas,Cooke County,19.79085
Texas,Coryell County,24.3166
Texas,Crosby County,7.777900000000001
Texas,Dallam County,21.480150000000002
Texas,Dallas County,21.1369
Texas,Dawson County,35.37295
Texas,DeWitt County,1.8904
Texas,Deaf Smith County,24.73245
Texas,Delta County,5.26155
Texas,Denton County,20.5042
Texas,Dimmit County,76.6148
Texas,Donley County,12.748850000000001
Texas,Duval County,39.3114
Texas,Eastland County,39.9132
Texas,Ector County,20.89115
Texas,El Paso County,23.214
Texas,Ellis County,7.1626
Texas,Erath County,32.18845
Texas,Falls County,7.1251
Texas,Fannin County,18.4914
Texas,Fayette County,1.6806
Texas,Fisher County,12.928700000000001
Texas,Floyd County,25.9373
Texas,Fort Bend County,23.4466
Texas,Franklin County,23.5685
Texas,Freestone County,23.7631
Texas,Frio County,50.0343
Texas,Gaines County,8.677200000000001
Texas,Galveston County,23.95775
Texas,Gillespie County,19.0699
Texas,Goliad County,28.3205
Texas,Gonzales County,18.8248
Texas,Gray County,22.179
Texas,Grayson County,13.8597
Texas,Gregg County,38.2241
Texas,Grimes County,30.58045
Texas,Guadalupe County,19.1513
Texas,Hale County,19.273
Texas,Hamilton County,18.1622
Texas,Hansford County,6.55565
Texas,Hardin County,23.6062
Texas,Harris County,21.44395
Texas,Harrison County,19.249299999999998
Texas,Haskell County,28.54995
Texas,Hays County,8.5549
Texas,Henderson County,19.3906
Texas,Hidalgo County,50.771649999999994
Texas,Hill County,7.6738
Texas,Hockley County,24.3016
Texas,Hood County,13.42885
Texas,Hopkins County,19.0163
Texas,Houston County,40.0176
Texas,Howard County,20.6259
Texas,Hunt County,7.546900000000001
Texas,Hutchinson County,20.4058
Texas,Jack County,18.8627
Texas,Jackson County,19.3442
Texas,Jasper County,7.7143
Texas,Jefferson County,23.268050000000002
Texas,Jim Hogg County,44.24
Texas,Jim Wells County,50.0747
Texas,Johnson County,7.499700000000001
Texas,Jones County,4.792949999999999
Texas,Karnes County,38.88055
Texas,Kaufman County,4.337300000000001
Texas,Kendall County,18.5412
Texas,Kerr County,4.3835999999999995
Texas,Kimble County,20.195349999999998
Texas,Kleberg County,50.8073
Texas,Knox County,1.6409500000000001
Texas,Lamar County,31.0182
Texas,Lamb County,8.0304
Texas,Lampasas County,1.3529
Texas,Lavaca County,18.77805
Texas,Lee County,10.1866
Texas,Leon County,40.75920000000001
Texas,Liberty County,19.525750000000002
Texas,Limestone County,38.96265
Texas,Lipscomb County,18.5901
Texas,Live Oak County,2.1824500000000002
Texas,Llano County,9.76835
Texas,Lubbock County,20.9168
Texas,Lynn County,20.8961
Texas,Madison County,21.5203
Texas,Marion County,7.6046499999999995
Texas,Martin County,20.264950000000002
Texas,Mason County,12.7406
Texas,Matagorda County,29.1468
Texas,Maverick County,49.9019
Texas,McCulloch County,18.683
Texas,McLennan County,24.2568
Texas,Medina County,18.625950000000003
Texas,Midland County,20.31525
Texas,Milam County,19.0912
Texas,Mills County,12.9968
Texas,Mitchell County,12.55515
Texas,Montague County,10.15545
Texas,Montgomery County,23.7256
Texas,Moore County,22.957050000000002
Texas,Morris County,19.7918
Texas,Nacogdoches County,22.5929
Texas,Navarro County,13.6851
Texas,Newton County,40.4648
Texas,Nolan County,20.5476
Texas,Nueces County,23.4665
Texas,Ochiltree County,8.7104
Texas,Orange County,23.5108
Texas,Palo Pinto County,24.1472
Texas,Panola County,19.5135
Texas,Parker County,18.628500000000003
Texas,Parmer County,34.54345
Texas,Pecos County,27.929949999999998
Texas,Polk County,7.812049999999999
Texas,Potter County,21.8964
Texas,Presidio County,29.725900000000003
Texas,Rains County,4.1907
Texas,Randall County,8.5259
Texas,Red River County,40.31515
Texas,Reeves County,23.1895
Texas,Refugio County,21.334149999999998
Texas,Robertson County,37.3225
Texas,Rockwall County,23.2553
Texas,Runnels County,33.668800000000005
Texas,Rusk County,18.3226
Texas,Sabine County,7.9975
Texas,San Augustine County,40.4973
Texas,San Jacinto County,7.22185
Texas,San Patricio County,24.5119
Texas,San Saba County,19.61155
Texas,Scurry County,13.91525
Texas,Shelby County,28.35765
Texas,Smith County,20.7027
Texas,Somervell County,7.6295
Texas,Starr County,42.656
Texas,Stephens County,21.0949
Texas,Swisher County,21.5241
Texas,Tarrant County,23.2653
Texas,Taylor County,20.82
Texas,Terry County,42.6022
Texas,Titus County,14.19635
Texas,Tom Green County,24.0375
Texas,Travis County,20.9974
Texas,Trinity County,7.2385
Texas,Tyler County,19.8195
Texas,Upshur County,2.1559
Texas,Upton County,12.95775
Texas,Uvalde County,70.974
Texas,Val Verde County,46.40405
Texas,Van Zandt County,20.2208
Texas,Victoria County,21.5351
Texas,Walker County,21.22195
Texas,Waller County,11.82175
Texas,Ward County,9.4559
Texas,Washington County,22.48055
Texas,Webb County,22.5002
Texas,Wharton County,7.503500000000001
Texas,Wheeler County,13.2405
Texas,Wichita County,23.54635
Texas,Wilbarger County,37.38155
Texas,Willacy County,50.2306
Texas,Williamson County,23.4748
Texas,Wilson County,1.4854
Texas,Winkler County,9.1189
Texas,Wise County,18.1982
Texas,Wood County,19.21045
Texas,Yoakum County,12.53895
Texas,Young County,21.5901
Texas,Zapata County,49.9924
Texas,Zavala County,76.25955
Utah,Beaver County,9.78145
Utah,Box Elder County,19.672
Utah,Cache County,23.198150000000002
Utah,Carbon County,21.8161
Utah,Davis County,23.3044
Utah,Duchesne County,24.5432
Utah,Emery County,24.0029
Utah,Garfield County,19.8386
Utah,Grand County,30.04625
Utah,Iron County,22.994
Utah,Juab County,21.5223
Utah,Kane County,21.46125
Utah,Millard County,18.5839
Utah,Morgan County,0.76345
Utah,Salt Lake County,18.9774
Utah,San Juan County,52.018
Utah,Sanpete County,21.5404
Utah,Sevier County,7.0279
Utah,Summit County,18.0313
Utah,Tooele County,23.5733
Utah,Uintah County,21.849249999999998
Utah,Utah County,22.98
Utah,Wasatch County,23.3506
Utah,Washington County,24.0396
Utah,Weber County,23.064500000000002
Vermont,Addison County,1.2519
Vermont,Bennington County,1.3608500000000001
Vermont,Caledonia County,3.8778
Vermont,Chittenden County,21.922050000000002
Vermont,Essex County,6.944599999999999
Vermont,Franklin County,4.140000000000001
Vermont,Grand Isle County,1.1235
Vermont,Lamoille County,1.8214
Vermont,Orange County,1.3893
Vermont,Orleans County,7.0617
Vermont,Rutland County,10.12415
Vermont,Washington County,1.3639
Vermont,Windham County,1.37645
Vermont,Windsor County,1.5140500000000001
Virginia,Accomack County,36.9556
Virginia,Albemarle County,7.59755
Virginia,Alexandria city,6.66795
Virginia,Alleghany County,7.076700000000001
Virginia,Amelia County,28.2195
Virginia,Amherst County,18.8023
Virginia,Appomattox County,19.3521
Virginia,Arlington County,6.9183
Virginia,Augusta County,19.248
Virginia,Bedford County,6.3268
Virginia,Bland County,22.801199999999998
Virginia,Botetourt County,15.09155
Virginia,Bristol city,65.96085
Virginia,Brunswick County,36.9763
Virginia,Buchanan County,8.862900000000002
Virginia,Buckingham County,24.0357
Virginia,Campbell County,29.762
Virginia,Caroline County,6.3578
Virginia,Carroll County,36.749500000000005
Virginia,Charles City County,1.6226
Virginia,Charlotte County,70.6866
Virginia,Charlottesville city,22.304949999999998
Virginia,Chesapeake city,23.1783
Virginia,Chesterfield County,23.4264
Virginia,Clarke County,1.4361
Virginia,Colonial Heights city,20.1025
Virginia,Covington city,34.63305
Virginia,Culpeper County,21.18035
Virginia,Cumberland County,70.6576
Virginia,Danville city,35.027300000000004
Virginia,Dickenson County,37.847449999999995
Virginia,Dinwiddie County,29.76785
Virginia,Emporia city,36.46635
Virginia,Essex County,39.8765
Virginia,Fairfax County,8.565999999999999
Virginia,Fairfax city,8.727
Virginia,Falls Church city,7.7409
Virginia,Fauquier County,1.2302
Virginia,Floyd County,39.9577
Virginia,Fluvanna County,1.23395
Virginia,Franklin County,23.02215
Virginia,Franklin city,64.7741
Virginia,Frederick County,19.03535
Virginia,Fredericksburg city,34.68345
Virginia,Galax city,21.287100000000002
Virginia,Giles County,6.6571
Virginia,Gloucester County,1.6146500000000001
Virginia,Goochland County,1.1564
Virginia,Grayson County,37.1295
Virginia,Greene County,6.3065
Virginia,Greensville County,6.852
Virginia,Halifax County,40.4816
Virginia,Hampton city,23.381
Virginia,Hanover County,8.1361
Virginia,Harrisonburg city,20.5615
Virginia,Henrico County,23.2061
Virginia,Henry County,37.2258
Virginia,Hopewell city,37.248599999999996
Virginia,Isle of Wight County,12.53305
Virginia,James City County,23.6745
Virginia,King George County,1.143
Virginia,King William County,4.26675
Virginia,King and Queen County,23.60225
Virginia,Lancaster County,6.359999999999999
Virginia,Lee County,37.5273
Virginia,Loudoun County,19.1503
Virginia,Louisa County,4.37665
Virginia,Lunenburg County,7.5854
Virginia,Lynchburg city,49.757
Virginia,Madison County,19.0304
Virginia,Manassas Park city,36.693650000000005
Virginia,Manassas city,20.5024
Virginia,Martinsville city,52.3547
Virginia,Mathews County,1.5289000000000001
Virginia,Mecklenburg County,7.464300000000001
Virginia,Middlesex County,6.08765
Virginia,Montgomery County,23.79555
Virginia,Nelson County,20.0313
Virginia,New Kent County,0.8834000000000001
Virginia,Newport News city,23.2542
Virginia,Norfolk city,20.869200000000003
Virginia,Northampton County,37.2393
Virginia,Northumberland County,18.7192
Virginia,Nottoway County,39.03275000000001
Virginia,Orange County,19.7176
Virginia,Page County,7.492100000000001
Virginia,Patrick County,24.0337
Virginia,Petersburg city,80.5665
Virginia,Pittsylvania County,7.5081500000000005
Virginia,Poquoson city,23.3154
Virginia,Portsmouth city,21.9543
Virginia,Powhatan County,1.2905000000000002
Virginia,Prince Edward County,38.2179
Virginia,Prince George County,36.2882
Virginia,Prince William County,22.993699999999997
Virginia,Pulaski County,36.699749999999995
Virginia,Radford city,54.0848
Virginia,Rappahannock County,12.358649999999999
Virginia,Richmond County,21.652700000000003
Virginia,Richmond city,23.7592
Virginia,Roanoke County,23.400399999999998
Virginia,Roanoke city,52.0416
Virginia,Rockbridge County,39.896249999999995
Virginia,Rockingham County,8.2956
Virginia,Russell County,7.9918
Virginia,Salem city,23.3757
Virginia,Scott County,37.0341
Virginia,Shenandoah County,6.013700000000001
Virginia,Smyth County,37.1865
Virginia,Southampton County,18.7081
Virginia,Spotsylvania County,23.1268
Virginia,Stafford County,19.0274
Virginia,Staunton city,19.81805
Virginia,Suffolk city,22.801000000000002
Virginia,Surry County,54.962900000000005
Virginia,Sussex County,18.678
Virginia,Tazewell County,7.5685
Virginia,Virginia Beach city,19.3612
Virginia,Warren County,21.5687
Virginia,Washington County,22.9081
Virginia,Waynesboro city,20.2838
Virginia,Westmoreland County,12.98885
Virginia,Williamsburg city,49.9238
Virginia,Winchester city,42.2427
Virginia,Wise County,37.2358
Virginia,Wythe County,7.164899999999999
Virginia,York County,23.184
Washington,Adams County,21.5253
Washington,Asotin County,20.16945
Washington,Benton County,23.1652
Washington,Chelan County,21.876350000000002
Washington,Clallam County,20.4823
Washington,Clark County,19.92855
Washington,Cowlitz County,20.54955
Washington,Douglas County,23.8405
Washington,Ferry County,40.1194
Washington,Franklin County,22.99305
Washington,Grant County,31.759249999999998
Washington,Grays Harbor County,29.65495
Washington,Island County,1.2676
Washington,Jefferson County,39.7116
Washington,King County,19.8489
Washington,Kitsap County,23.4512
Washington,Kittitas County,39.8097
Washington,Klickitat County,7.4224
Washington,Lewis County,19.02055
Washington,Lincoln County,29.32645
Washington,Mason County,7.73105
Washington,Okanogan County,7.6371
Washington,Pacific County,36.6795
Washington,Pend Oreille County,7.32
Washington,Pierce County,23.5465
Washington,San Juan County,1.7153500000000002
Washington,Skagit County,20.439
Washington,Skamania County,6.996
Washington,Snohomish County,21.0991
Washington,Spokane County,20.511000000000003
Washington,Stevens County,22.03665
Washington,Thurston County,22.0035
Washington,Walla Walla County,22.0228
Washington,Whatcom County,22.026699999999998
Washington,Whitman County,35.9024
Washington,Yakima County,21.2218
West Virginia,Barbour County,37.9523
West Virginia,Berkeley County,21.7681
West Virginia,Boone County,28.5994
West Virginia,Braxton County,37.6696
West Virginia,Brooke County,20.00585
West Virginia,Cabell County,22.0623
West Virginia,Calhoun County,45.36135
West Virginia,Clay County,39.4335
West Virginia,Doddridge County,4.4851
West Virginia,Fayette County,20.07445
West Virginia,Gilmer County,46.74965
West Virginia,Grant County,18.9144
West Virginia,Greenbrier County,37.7083
West Virginia,Hampshire County,37.731100000000005
West Virginia,Hancock County,23.9618
West Virginia,Hardy County,18.899500000000003
West Virginia,Harrison County,7.96805
West Virginia,Jackson County,19.57065
West Virginia,Jefferson County,7.0152
West Virginia,Kanawha County,23.4941
West Virginia,Lewis County,7.4834
West Virginia,Lincoln County,37.9853
West Virginia,Logan County,38.1006
West Virginia,Marion County,19.87775
West Virginia,Marshall County,20.1641
West Virginia,Mason County,20.07465
West Virginia,McDowell County,38.3635
West Virginia,Mercer County,31.079150000000002
West Virginia,Mineral County,19.63
West Virginia,Mingo County,38.1175
West Virginia,Monongalia County,21.16645
West Virginia,Monroe County,20.2272
West Virginia,Morgan County,19.5362
West Virginia,Nicholas County,20.1325
West Virginia,Ohio County,23.95395
West Virginia,Pendleton County,19.1434
West Virginia,Pleasants County,10.91525
West Virginia,Pocahontas County,38.5412
West Virginia,Preston County,19.081049999999998
West Virginia,Putnam County,19.46725
West Virginia,Raleigh County,42.4981
West Virginia,Randolph County,37.54
West Virginia,Ritchie County,2.0368000000000004
West Virginia,Roane County,55.85015
West Virginia,Summers County,16.401049999999998
West Virginia,Taylor County,11.301300000000001
West Virginia,Tucker County,1.5697
West Virginia,Tyler County,2.1508000000000003
West Virginia,Upshur County,8.31955
West Virginia,Wayne County,38.2337
West Virginia,Webster County,37.234300000000005
West Virginia,Wetzel County,40.7215
West Virginia,Wirt County,4.67085
West Virginia,Wood County,23.56555
West Virginia,Wyoming County,37.501850000000005
Wisconsin,Adams County,7.0969
Wisconsin,Ashland County,8.871
Wisconsin,Barron County,4.2849
Wisconsin,Bayfield County,6.9413
Wisconsin,Brown County,22.1923
Wisconsin,Buffalo County,6.13
Wisconsin,Burnett County,6.7104
Wisconsin,Calumet County,23.0036
Wisconsin,Chippewa County,20.1361
Wisconsin,Clark County,28.2604
Wisconsin,Columbia County,4.13305
Wisconsin,Crawford County,4.18675
Wisconsin,Dane County,23.261
Wisconsin,Dodge County,3.7805999999999997
Wisconsin,Door County,1.2152
Wisconsin,Douglas County,21.222749999999998
Wisconsin,Dunn County,18.54365
Wisconsin,Eau Claire County,23.935699999999997
Wisconsin,Florence County,3.7011500000000006
Wisconsin,Fond du Lac County,19.51445
Wisconsin,Forest County,23.354499999999998
Wisconsin,Grant County,13.5406
Wisconsin,Green County,12.333950000000002
Wisconsin,Green Lake County,1.42185
Wisconsin,Iowa County,6.33475
Wisconsin,Iron County,6.2209
Wisconsin,Jackson County,36.6668
Wisconsin,Jefferson County,1.5915500000000002
Wisconsin,Juneau County,18.8369
Wisconsin,Kenosha County,23.9302
Wisconsin,Kewaunee County,1.5282500000000003
Wisconsin,La Crosse County,18.5866
Wisconsin,Lafayette County,1.5177000000000005
Wisconsin,Langlade County,39.78915000000001
Wisconsin,Lincoln County,0.99125
Wisconsin,Manitowoc County,23.6765
Wisconsin,Marathon County,19.1535
Wisconsin,Marinette County,6.7659
Wisconsin,Marquette County,1.4431
Wisconsin,Menominee County,25.1816
Wisconsin,Milwaukee County,10.651399999999999
Wisconsin,Monroe County,20.2911
Wisconsin,Oconto County,3.9193500000000006
Wisconsin,Oneida County,1.048
Wisconsin,Outagamie County,21.9408
Wisconsin,Ozaukee County,23.441650000000003
Wisconsin,Pepin County,10.59345
Wisconsin,Pierce County,20.27295
Wisconsin,Polk County,1.73515
Wisconsin,Portage County,20.46705
Wisconsin,Price County,21.9576
Wisconsin,Racine County,23.50705
Wisconsin,Richland County,23.9628
Wisconsin,Rock County,30.67635
Wisconsin,Rusk County,39.7681
Wisconsin,Sauk County,8.432500000000001
Wisconsin,Sawyer County,28.498350000000002
Wisconsin,Shawano County,1.556
Wisconsin,Sheboygan County,4.0868
Wisconsin,St. Croix County,3.8777000000000004
Wisconsin,Taylor County,18.56105
Wisconsin,Trempealeau County,1.2462499999999999
Wisconsin,Vernon County,19.6614
Wisconsin,Vilas County,7.7973
Wisconsin,Walworth County,23.8039
Wisconsin,Washburn County,6.8244
Wisconsin,Washington County,23.1344
Wisconsin,Waukesha County,23.241500000000002
Wisconsin,Waupaca County,1.7180500000000003
Wisconsin,Waushara County,18.3527
Wisconsin,Winnebago County,23.5108
Wisconsin,Wood County,18.4088
Wyoming,Albany County,23.4762
Wyoming,Big Horn County,18.5442
Wyoming,Campbell County,24.654100000000003
Wyoming,Carbon County,24.4626
Wyoming,Converse County,9.837349999999999
Wyoming,Crook County,18.26915
Wyoming,Fremont County,8.08135
Wyoming,Goshen County,12.517850000000001
Wyoming,Hot Springs County,5.3606
Wyoming,Johnson County,36.93345
Wyoming,Laramie County,23.5592
Wyoming,Lincoln County,12.74555
Wyoming,Natrona County,18.870350000000002
Wyoming,Park County,23.5969
Wyoming,Platte County,29.63335
Wyoming,Sheridan County,20.9386
Wyoming,Sublette County,18.522350000000003
Wyoming,Sweetwater County,15.7994
Wyoming,Teton County,12.424100000000001
Wyoming,Uinta County,2.1361
Wyoming,Washakie County,9.1342
Wyoming,Weston County,21.9754
